nome	arquivo:linha	coleta	lanca	roda_dart	chamada_pelo_emissor	classe	motivo
dartforge_alocar	gc_raizes.rs:457	1	0	0	1	so_coleta	coleta: via alocar_bloco <- SEMENTE heap::alocar_bloco
dartforge_api_close_native_port	ffi_api_nativa.rs:319	0	0	0	0	folha_pura	
dartforge_api_new_native_port	ffi_api_nativa.rs:285	0	0	0	0	folha_pura	
dartforge_api_post_cobject	ffi_api_nativa.rs:166	0	0	0	0	folha_pura	
dartforge_api_post_integer	ffi_api_nativa.rs:186	0	0	0	0	folha_pura	
dartforge_area_de_globais	gc_raizes.rs:283	0	0	0	1	folha_pura	
dartforge_area_de_globais_id	gc_raizes.rs:239	0	0	0	1	folha_pura	
dartforge_arg_indice	closures.rs:149	0	0	0	1	folha_pura	
dartforge_args_casam	closures.rs:119	0	0	0	1	folha_pura	
dartforge_argument_error_new	excecoes.rs:358	1	1	sdk	1	roda_dart_sdk	coleta: via alocar_erro_com_rastro <- novo_objeto <- alocar_objeto <- alocar_bloco <- SEMENTE heap::alocar_bloco; dart: SEMENTE[sdk] ajudante (funcao Dart registrada)
dartforge_argument_error_not_null	excecoes.rs:374	1	0	0	1	so_coleta	coleta: via alocar_erro_com_mensagem <- alocar_erro_com_rastro <- novo_objeto <- alocar_objeto <- alocar_bloco <- SEMENTE heap::alocar_bloco
dartforge_argument_error_value	excecoes.rs:369	1	0	0	1	so_coleta	coleta: via alocar_erro_com_rastro <- novo_objeto <- alocar_objeto <- alocar_bloco <- SEMENTE heap::alocar_bloco
dartforge_argumentos_do_main	io_plataforma.rs:547	1	0	0	1	so_coleta	coleta: via dart_lista_de_textos <- dart_lista_fixa <- nova_lista <- alocar <- alocar_bloco <- SEMENTE heap::alocar_bloco
dartforge_assertion_error_new	excecoes.rs:438	1	1	sdk	1	roda_dart_sdk	coleta: via alocar_erro_com_rastro <- novo_objeto <- alocar_objeto <- alocar_bloco <- SEMENTE heap::alocar_bloco; dart: SEMENTE[sdk] ajudante (funcao Dart registrada)
dartforge_box_int	nucleo.rs:528	1	0	0	0	so_coleta	coleta: via caixa_int <- alocar <- alocar_bloco <- SEMENTE heap::alocar_bloco
dartforge_cell_get_ref	closures.rs:67	1	0	0	0	so_coleta	coleta: via caixa_int <- alocar <- alocar_bloco <- SEMENTE heap::alocar_bloco
dartforge_closure_cabecalho	closures.rs:54	0	0	0	0	folha_pura	
dartforge_closure_code	closures.rs:41	0	0	0	0	folha_pura	
dartforge_closure_entry	closures.rs:77	1	1	sdk	1	roda_dart_sdk	coleta: via dartforge_nsm_chamada <- dartforge_no_such_method_error_new <- alocar_erro_com_rastro <- novo_objeto <- alocar_objeto <- alocar_bloco <- SEMENTE heap::alocar_bloco; lanca: via dartforge_nsm_chamada <- dartforge_exception_throw <- definir_excecao <- SEMENTE definir_excecao; dart: via dartforge_nsm_chamada <- dartforge_no_such_method_error_new <- SEMENTE[sdk] ajudante (funcao Dart registrada)
dartforge_closure_tipada	closures.rs:26	0	0	0	1	folha_pura	
dartforge_collection_mark_unmodifiable	colecoes.rs:15	1	0	0	1	so_coleta	coleta: via lista_imutavel_de <- lista_copia <- nova_lista <- alocar <- alocar_bloco <- SEMENTE heap::alocar_bloco
dartforge_constante_canonica	gc_raizes.rs:145	1	0	0	1	so_coleta	coleta: via constante_canonica <- string_literal <- alocar_texto <- novo_texto <- alocar <- alocar_bloco <- SEMENTE heap::alocar_bloco
dartforge_contexto	gc_raizes.rs:26	0	0	0	1	folha_pura	
dartforge_definir_argumentos_do_main	io_plataforma.rs:531	0	0	0	0	folha_pura	
dartforge_definir_migracao	seletores.rs:561	0	0	0	0	folha_pura	
dartforge_definir_script_do_programa	io_plataforma.rs:508	0	0	0	0	folha_pura	
dartforge_dyn_op	despacho.rs:154	1	1	sdk	1	roda_dart_sdk	coleta: via caixa_int <- caixa_int <- alocar <- alocar_bloco <- SEMENTE heap::alocar_bloco; lanca: via dartforge_exception_throw <- definir_excecao <- SEMENTE definir_excecao; dart: via divisao_por_zero <- dartforge_unsupported_error_new <- SEMENTE[sdk] ajudante (funcao Dart registrada)
dartforge_encaminhar_nsm	seletores.rs:411	1	1	usuario	1	roda_dart_usuario	coleta: via invocar_no_such_method <- dartforge_rti_objeto_tipo <- novo_objeto <- alocar_objeto <- alocar_bloco <- SEMENTE heap::alocar_bloco; dart: via invocar_no_such_method <- SEMENTE[usuario] ajudante (funcao Dart registrada)
dartforge_equal	nucleo.rs:497	0	0	0	1	folha_pura	
dartforge_estouro_de_pilha	gc_raizes.rs:114	1	1	sdk	1	roda_dart_sdk	coleta: via dartforge_exception_throw <- dartforge_stack_trace_get <- alocar_stack_trace <- novo_objeto <- alocar_objeto <- alocar_bloco <- SEMENTE heap::alocar_bloco; lanca: via dartforge_exception_throw <- definir_excecao <- SEMENTE definir_excecao; dart: via dartforge_stack_overflow_error_new <- SEMENTE[sdk] ajudante (funcao Dart registrada)
dartforge_exception_capturavel	excecoes.rs:208	0	0	0	1	folha_pura	
dartforge_exception_clear	excecoes.rs:289	0	0	0	1	folha_pura	
dartforge_exception_new	excecoes.rs:327	1	0	0	1	so_coleta	coleta: via novo_objeto <- alocar_objeto <- alocar_bloco <- SEMENTE heap::alocar_bloco
dartforge_exception_peek_ref	excecoes.rs:214	1	0	0	1	so_coleta	coleta: via excecao_como_ref <- como_ref <- caixa_int <- alocar <- alocar_bloco <- SEMENTE heap::alocar_bloco
dartforge_exception_pending	excecoes.rs:283	0	0	0	1	folha_pura	
dartforge_exception_throw	excecoes.rs:231	1	1	0	1	coleta+lanca	coleta: via dartforge_stack_trace_get <- alocar_stack_trace <- novo_objeto <- alocar_objeto <- alocar_bloco <- SEMENTE heap::alocar_bloco; lanca: via definir_excecao <- SEMENTE definir_excecao
dartforge_ffi_callback_closure	ffi_callbacks.rs:454	0	0	0	1	folha_pura	
dartforge_ffi_callback_entrar	ffi_callbacks.rs:435	0	0	0	1	folha_pura	
dartforge_ffi_callback_ponteiro	ffi_callbacks.rs:464	1	1	sdk	1	roda_dart_sdk	dart: via novo_ponteiro <- SEMENTE[sdk] ajudante (funcao Dart registrada)
dartforge_ffi_callback_postar	ffi_callbacks.rs:503	0	0	0	1	folha_pura	
dartforge_ffi_callback_sair	ffi_callbacks.rs:481	0	0	0	1	folha_pura	
dartforge_ffi_composto	ffi.rs:711	1	1	sdk	1	roda_dart_sdk	coleta: via dartforge_object_new <- alocar_instancia <- alocar_objeto <- alocar_bloco <- SEMENTE heap::alocar_bloco; lanca: via lancar_unsupported <- dartforge_exception_throw <- definir_excecao <- SEMENTE definir_excecao; dart: via lancar_unsupported <- dartforge_unsupported_error_new <- SEMENTE[sdk] ajudante (funcao Dart registrada)
dartforge_ffi_composto_copia	ffi.rs:844	1	1	sdk	1	roda_dart_sdk	coleta: via dartforge_ffi_composto_novo <- nova_tipada <- alocar <- alocar_bloco <- SEMENTE heap::alocar_bloco; lanca: via dartforge_ffi_composto_novo <- lancar_unsupported <- dartforge_exception_throw <- definir_excecao <- SEMENTE definir_excecao; dart: via dartforge_ffi_endereco_do_composto <- lancar_erro_de_argumento <- dartforge_argument_error_new <- SEMENTE[sdk] ajudante (funcao Dart registrada)
dartforge_ffi_composto_novo	ffi.rs:832	1	1	sdk	1	roda_dart_sdk	coleta: via nova_tipada <- alocar <- alocar_bloco <- SEMENTE heap::alocar_bloco; lanca: via lancar_unsupported <- dartforge_exception_throw <- definir_excecao <- SEMENTE definir_excecao; dart: via lancar_unsupported <- dartforge_unsupported_error_new <- SEMENTE[sdk] ajudante (funcao Dart registrada)
dartforge_ffi_copiar_composto	ffi.rs:865	0	0	0	1	folha_pura	
dartforge_ffi_endereco_da_closure	ffi.rs:208	0	0	0	1	folha_pura	
dartforge_ffi_endereco_do_composto	ffi.rs:812	1	1	sdk	1	roda_dart_sdk	coleta: via lancar_erro_de_argumento <- dartforge_argument_error_new <- alocar_erro_com_rastro <- novo_objeto <- alocar_objeto <- alocar_bloco <- SEMENTE heap::alocar_bloco; lanca: via lancar_erro_de_argumento <- dartforge_exception_throw <- definir_excecao <- SEMENTE definir_excecao; dart: via lancar_erro_de_argumento <- dartforge_argument_error_new <- SEMENTE[sdk] ajudante (funcao Dart registrada)
dartforge_ffi_endereco_do_ponteiro	ffi.rs:227	1	1	sdk	1	roda_dart_sdk	coleta: via lancar_erro_de_argumento <- dartforge_argument_error_new <- alocar_erro_com_rastro <- novo_objeto <- alocar_objeto <- alocar_bloco <- SEMENTE heap::alocar_bloco; lanca: via lancar_erro_de_argumento <- dartforge_exception_throw <- definir_excecao <- SEMENTE definir_excecao; dart: via lancar_erro_de_argumento <- dartforge_argument_error_new <- SEMENTE[sdk] ajudante (funcao Dart registrada)
dartforge_ffi_handle_novo	ffi.rs:907	0	0	0	1	folha_pura	
dartforge_ffi_handles_abrir	ffi.rs:886	0	0	0	1	folha_pura	
dartforge_ffi_handles_fechar	ffi.rs:891	0	0	0	1	folha_pura	
dartforge_ffi_objeto_do_handle	ffi.rs:916	1	1	sdk	1	roda_dart_sdk	coleta: via lancar_erro_de_argumento <- dartforge_argument_error_new <- alocar_erro_com_rastro <- novo_objeto <- alocar_objeto <- alocar_bloco <- SEMENTE heap::alocar_bloco; lanca: via lancar_erro_de_argumento <- dartforge_exception_throw <- definir_excecao <- SEMENTE definir_excecao; dart: via lancar_erro_de_argumento <- dartforge_argument_error_new <- SEMENTE[sdk] ajudante (funcao Dart registrada)
dartforge_ffi_ponteiro_de_retorno	ffi.rs:239	1	1	sdk	1	roda_dart_sdk	dart: via novo_ponteiro <- SEMENTE[sdk] ajudante (funcao Dart registrada)
dartforge_ffi_ponteiro_novo	ffi.rs:744	1	1	sdk	1	roda_dart_sdk	dart: via novo_ponteiro <- SEMENTE[sdk] ajudante (funcao Dart registrada)
dartforge_ffi_registrar_callback	ffi_callbacks.rs:81	0	0	0	1	folha_pura	
dartforge_ffi_registrar_composto	ffi.rs:681	0	0	0	1	folha_pura	
dartforge_ffi_registrar_tipo	ffi.rs:35	0	0	0	1	folha_pura	
dartforge_ffi_registrar_trampolim	ffi.rs:45	0	0	0	1	folha_pura	
dartforge_ffi_simbolo_nativo	ffi.rs:755	1	1	sdk	1	roda_dart_sdk	coleta: via lancar_erro_de_argumento <- dartforge_argument_error_new <- alocar_erro_com_rastro <- novo_objeto <- alocar_objeto <- alocar_bloco <- SEMENTE heap::alocar_bloco; lanca: via lancar_erro_de_argumento <- dartforge_exception_throw <- definir_excecao <- SEMENTE definir_excecao; dart: via lancar_erro_de_argumento <- dartforge_argument_error_new <- SEMENTE[sdk] ajudante (funcao Dart registrada)
dartforge_format_exception_new	excecoes.rs:335	1	1	sdk	0	roda_dart_sdk	coleta: via novo_objeto <- alocar_objeto <- alocar_bloco <- SEMENTE heap::alocar_bloco; dart: SEMENTE[sdk] ajudante (funcao Dart registrada)
dartforge_gc_collect	gc_raizes.rs:150	1	0	0	0	so_coleta	coleta: SEMENTE Heap::collect()
dartforge_gc_global_root	gc_raizes.rs:125	0	0	0	1	folha_pura	
dartforge_identical	nucleo.rs:520	0	0	0	0	folha_pura	
dartforge_iniciar	nucleo.rs:36	1	1	usuario	1	roda_dart_usuario	dart: via finalizar_programa <- SEMENTE[usuario] PARA_TEXTO (funcao Dart registrada)
dartforge_interrupcao_pendente	isolados.rs:366	0	0	0	1	folha_pura	
dartforge_is_subclass	nucleo.rs:331	0	0	0	1	folha_pura	
dartforge_iteravel_get_bits	despacho.rs:265	1	1	sdk	1	roda_dart_sdk	coleta: via lancar_type_error <- dartforge_type_error_new <- alocar_erro_com_rastro <- novo_objeto <- alocar_objeto <- alocar_bloco <- SEMENTE heap::alocar_bloco; lanca: via lancar_type_error <- dartforge_exception_throw <- definir_excecao <- SEMENTE definir_excecao; dart: via lancar_type_error <- dartforge_type_error_new <- erro_da_fonte_com_texto <- SEMENTE[sdk] ajudante (funcao Dart registrada)
dartforge_iteravel_get_ref	despacho.rs:253	1	1	sdk	1	roda_dart_sdk	coleta: via como_ref <- caixa_int <- alocar <- alocar_bloco <- SEMENTE heap::alocar_bloco; lanca: via lancar_type_error <- dartforge_exception_throw <- definir_excecao <- SEMENTE definir_excecao; dart: via lancar_type_error <- dartforge_type_error_new <- erro_da_fonte_com_texto <- SEMENTE[sdk] ajudante (funcao Dart registrada)
dartforge_laco_de_eventos	eventos.rs:119	1	1	usuario	1	roda_dart_usuario	coleta: via atender_controle <- materializar <- alocar_no <- alocar <- alocar_bloco <- SEMENTE heap::alocar_bloco; dart: SEMENTE[usuario] ponteiro extern C fn (transmute/parametro)
dartforge_late_error_new	excecoes.rs:461	1	1	sdk	1	roda_dart_sdk	coleta: via dartforge_state_error_new <- alocar_erro_com_rastro <- novo_objeto <- alocar_objeto <- alocar_bloco <- SEMENTE heap::alocar_bloco; dart: SEMENTE[sdk] ajudante (funcao Dart registrada)
dartforge_late_field_initialized	nucleo.rs:460	0	0	0	1	folha_pura	
dartforge_late_field_initializing	nucleo.rs:474	0	0	0	1	folha_pura	
dartforge_late_field_mark_initialized	nucleo.rs:465	0	0	0	1	folha_pura	
dartforge_late_field_set_initializing	nucleo.rs:479	0	0	0	1	folha_pura	
dartforge_lembrar	nucleo.rs:435	0	0	0	1	folha_pura	
dartforge_liberar_isolados	portas.rs:1131	0	0	0	0	folha_pura	
dartforge_lista_acrescentar	nativos_listas.rs:668	1	0	0	1	so_coleta	coleta: via lista_push <- lista_reservar <- nova_lista <- alocar <- alocar_bloco <- SEMENTE heap::alocar_bloco
dartforge_lista_de_tabela	nativos_listas.rs:544	1	0	0	1	so_coleta	coleta: via nova_lista <- alocar <- alocar_bloco <- SEMENTE heap::alocar_bloco
dartforge_lista_de_tabela_g	nativos_listas.rs:468	1	1	usuario	1	roda_dart_usuario	coleta: via nova_lista <- alocar <- alocar_bloco <- SEMENTE heap::alocar_bloco; dart: SEMENTE[usuario] ponteiro extern C fn (transmute/parametro)
dartforge_lista_nova	nativos_listas.rs:617	1	0	0	1	so_coleta	coleta: via nova_lista <- alocar <- alocar_bloco <- SEMENTE heap::alocar_bloco
dartforge_marcar_constante	gc_raizes.rs:138	0	0	0	1	folha_pura	
dartforge_marcar_permanente	gc_raizes.rs:132	0	0	0	0	folha_pura	
dartforge_membro_recusado	seletores.rs:495	0	0	0	1	folha_pura	
dartforge_nativo_ClassID_getID	nucleo.rs:661	0	0	0	1	folha_pura	
dartforge_nativo_Closure_computeHash	nucleo.rs:712	0	0	0	1	folha_pura	
dartforge_nativo_Closure_equals	nucleo.rs:692	0	0	0	1	folha_pura	
dartforge_nativo_Crypto_GetRandomBytes	io_plataforma.rs:44	1	1	sdk	1	roda_dart_sdk	coleta: via dart_bytes <- dart_tipada_de_bytes <- nova_tipada <- alocar <- alocar_bloco <- SEMENTE heap::alocar_bloco; lanca: via dartforge_exception_throw <- definir_excecao <- SEMENTE definir_excecao; dart: via para_dart <- SEMENTE[sdk] ajudante (funcao Dart registrada)
dartforge_nativo_DartApiDLInitializeData	ffi_api_nativa.rs:400	0	0	0	1	folha_pura	
dartforge_nativo_DartApiDLMajorVersion	ffi_api_nativa.rs:358	0	0	0	1	folha_pura	
dartforge_nativo_DartApiDLMinorVersion	ffi_api_nativa.rs:363	0	0	0	1	folha_pura	
dartforge_nativo_DartForge_GrowableList_reservar	nativos_listas.rs:407	1	0	0	1	so_coleta	coleta: via lista_reservar <- nova_lista <- alocar <- alocar_bloco <- SEMENTE heap::alocar_bloco
dartforge_nativo_DartForge_List_copiar	nativos_listas.rs:386	1	0	0	1	so_coleta	coleta: via lista_copiar <- lista_gravar_no_armazenamento <- como_ref <- caixa_int <- alocar <- alocar_bloco <- SEMENTE heap::alocar_bloco
dartforge_nativo_DartForge_List_preencher	nativos_listas.rs:373	1	0	0	1	so_coleta	coleta: via lista_preencher <- lista_set <- lista_gravar_no_armazenamento <- como_ref <- caixa_int <- alocar <- alocar_bloco <- SEMENTE heap::alocar_bloco
dartforge_nativo_DartForge_Timer_cancelar	eventos.rs:108	0	0	0	1	folha_pura	
dartforge_nativo_DartForge_Timer_novo	eventos.rs:89	0	0	0	1	folha_pura	
dartforge_nativo_DartForge_capacidade_nova	portas.rs:1376	0	0	0	1	folha_pura	
dartforge_nativo_DartForge_classe_nao_enviavel	portas.rs:1349	0	0	0	1	folha_pura	
dartforge_nativo_DartForge_classe_transferivel	portas.rs:1365	0	0	0	1	folha_pura	
dartforge_nativo_DartForge_double_bits	nativos_numeros.rs:423	0	0	0	1	folha_pura	
dartforge_nativo_DartForge_double_ceil	nativos_numeros.rs:471	0	0	0	1	folha_pura	
dartforge_nativo_DartForge_double_floor	nativos_numeros.rs:466	0	0	0	1	folha_pura	
dartforge_nativo_DartForge_double_hashCode	nativos_numeros.rs:511	0	0	0	1	folha_pura	
dartforge_nativo_DartForge_double_modulo	nativos_numeros.rs:489	0	0	0	1	folha_pura	
dartforge_nativo_DartForge_double_remainder	nativos_numeros.rs:503	0	0	0	1	folha_pura	
dartforge_nativo_DartForge_double_round	nativos_numeros.rs:477	0	0	0	1	folha_pura	
dartforge_nativo_DartForge_double_toInt	nativos_numeros.rs:454	1	1	sdk	1	roda_dart_sdk	coleta: via dartforge_unsupported_error_new <- alocar_erro_com_rastro <- novo_objeto <- alocar_objeto <- alocar_bloco <- SEMENTE heap::alocar_bloco; lanca: via dartforge_exception_throw <- definir_excecao <- SEMENTE definir_excecao; dart: via dartforge_unsupported_error_new <- SEMENTE[sdk] ajudante (funcao Dart registrada)
dartforge_nativo_DartForge_double_truncate	nativos_numeros.rs:482	0	0	0	1	folha_pura	
dartforge_nativo_DartForge_ffi_abi	ffi.rs:461	0	0	0	1	folha_pura	
dartforge_nativo_DartForge_ffi_callback_apagar	ffi_callbacks.rs:405	0	0	0	1	folha_pura	
dartforge_nativo_DartForge_ffi_callback_args	ffi_callbacks.rs:531	1	1	sdk	1	roda_dart_sdk	coleta: via como_ref <- caixa_int <- alocar <- alocar_bloco <- SEMENTE heap::alocar_bloco; lanca: via dartforge_ffi_composto_copia <- dartforge_ffi_composto_novo <- lancar_unsupported <- dartforge_exception_throw <- definir_excecao <- SEMENTE definir_excecao; dart: via novo_ponteiro <- SEMENTE[sdk] ajudante (funcao Dart registrada)
dartforge_nativo_DartForge_ffi_callback_manter	ffi_callbacks.rs:425	0	0	0	1	folha_pura	
dartforge_nativo_DartForge_ffi_callback_novo	ffi_callbacks.rs:321	1	1	sdk	1	roda_dart_sdk	coleta: via lancar_erro_de_argumento <- dartforge_argument_error_new <- alocar_erro_com_rastro <- novo_objeto <- alocar_objeto <- alocar_bloco <- SEMENTE heap::alocar_bloco; lanca: via lancar_unsupported <- dartforge_exception_throw <- definir_excecao <- SEMENTE definir_excecao; dart: via lancar_erro_de_argumento <- dartforge_argument_error_new <- SEMENTE[sdk] ajudante (funcao Dart registrada)
dartforge_nativo_DartForge_ffi_carregar_abi	ffi.rs:413	1	1	sdk	1	roda_dart_sdk	coleta: via lancar_unsupported <- dartforge_unsupported_error_new <- alocar_erro_com_rastro <- novo_objeto <- alocar_objeto <- alocar_bloco <- SEMENTE heap::alocar_bloco; lanca: via lancar_unsupported <- dartforge_exception_throw <- definir_excecao <- SEMENTE definir_excecao; dart: via lancar_unsupported <- dartforge_unsupported_error_new <- SEMENTE[sdk] ajudante (funcao Dart registrada)
dartforge_nativo_DartForge_ffi_carregar_f32	ffi.rs:387	1	1	sdk	1	roda_dart_sdk	coleta: via com_memoria <- lancar_erro_de_argumento <- dartforge_argument_error_new <- alocar_erro_com_rastro <- novo_objeto <- alocar_objeto <- alocar_bloco <- SEMENTE heap::alocar_bloco; lanca: via com_memoria <- lancar_erro_de_intervalo <- dartforge_exception_throw <- definir_excecao <- SEMENTE definir_excecao; dart: via com_memoria <- lancar_erro_de_argumento <- dartforge_argument_error_new <- SEMENTE[sdk] ajudante (funcao Dart registrada)
dartforge_nativo_DartForge_ffi_carregar_f64	ffi.rs:399	1	1	sdk	1	roda_dart_sdk	coleta: via com_memoria <- lancar_erro_de_argumento <- dartforge_argument_error_new <- alocar_erro_com_rastro <- novo_objeto <- alocar_objeto <- alocar_bloco <- SEMENTE heap::alocar_bloco; lanca: via com_memoria <- lancar_erro_de_intervalo <- dartforge_exception_throw <- definir_excecao <- SEMENTE definir_excecao; dart: via com_memoria <- lancar_erro_de_argumento <- dartforge_argument_error_new <- SEMENTE[sdk] ajudante (funcao Dart registrada)
dartforge_nativo_DartForge_ffi_carregar_i16	ffi.rs:327	1	1	sdk	1	roda_dart_sdk	coleta: via carregar_nativo <- com_memoria <- lancar_erro_de_argumento <- dartforge_argument_error_new <- alocar_erro_com_rastro <- novo_objeto <- alocar_objeto <- alocar_bloco <- SEMENTE heap::alocar_bloco; lanca: via carregar_nativo <- com_memoria <- lancar_erro_de_intervalo <- dartforge_exception_throw <- definir_excecao <- SEMENTE definir_excecao; dart: via carregar_nativo <- com_memoria <- lancar_erro_de_argumento <- dartforge_argument_error_new <- SEMENTE[sdk] ajudante (funcao Dart registrada)
dartforge_nativo_DartForge_ffi_carregar_i32	ffi.rs:347	1	1	sdk	1	roda_dart_sdk	coleta: via carregar_nativo <- com_memoria <- lancar_erro_de_argumento <- dartforge_argument_error_new <- alocar_erro_com_rastro <- novo_objeto <- alocar_objeto <- alocar_bloco <- SEMENTE heap::alocar_bloco; lanca: via carregar_nativo <- com_memoria <- lancar_erro_de_intervalo <- dartforge_exception_throw <- definir_excecao <- SEMENTE definir_excecao; dart: via carregar_nativo <- com_memoria <- lancar_erro_de_argumento <- dartforge_argument_error_new <- SEMENTE[sdk] ajudante (funcao Dart registrada)
dartforge_nativo_DartForge_ffi_carregar_i64	ffi.rs:367	1	1	sdk	1	roda_dart_sdk	coleta: via carregar_nativo <- com_memoria <- lancar_erro_de_argumento <- dartforge_argument_error_new <- alocar_erro_com_rastro <- novo_objeto <- alocar_objeto <- alocar_bloco <- SEMENTE heap::alocar_bloco; lanca: via carregar_nativo <- com_memoria <- lancar_erro_de_intervalo <- dartforge_exception_throw <- definir_excecao <- SEMENTE definir_excecao; dart: via carregar_nativo <- com_memoria <- lancar_erro_de_argumento <- dartforge_argument_error_new <- SEMENTE[sdk] ajudante (funcao Dart registrada)
dartforge_nativo_DartForge_ffi_carregar_i8	ffi.rs:307	1	1	sdk	1	roda_dart_sdk	coleta: via carregar_nativo <- com_memoria <- lancar_erro_de_argumento <- dartforge_argument_error_new <- alocar_erro_com_rastro <- novo_objeto <- alocar_objeto <- alocar_bloco <- SEMENTE heap::alocar_bloco; lanca: via carregar_nativo <- com_memoria <- lancar_erro_de_intervalo <- dartforge_exception_throw <- definir_excecao <- SEMENTE definir_excecao; dart: via carregar_nativo <- com_memoria <- lancar_erro_de_argumento <- dartforge_argument_error_new <- SEMENTE[sdk] ajudante (funcao Dart registrada)
dartforge_nativo_DartForge_ffi_carregar_u16	ffi.rs:337	1	1	sdk	1	roda_dart_sdk	coleta: via carregar_nativo <- com_memoria <- lancar_erro_de_argumento <- dartforge_argument_error_new <- alocar_erro_com_rastro <- novo_objeto <- alocar_objeto <- alocar_bloco <- SEMENTE heap::alocar_bloco; lanca: via carregar_nativo <- com_memoria <- lancar_erro_de_intervalo <- dartforge_exception_throw <- definir_excecao <- SEMENTE definir_excecao; dart: via carregar_nativo <- com_memoria <- lancar_erro_de_argumento <- dartforge_argument_error_new <- SEMENTE[sdk] ajudante (funcao Dart registrada)
dartforge_nativo_DartForge_ffi_carregar_u32	ffi.rs:357	1	1	sdk	1	roda_dart_sdk	coleta: via carregar_nativo <- com_memoria <- lancar_erro_de_argumento <- dartforge_argument_error_new <- alocar_erro_com_rastro <- novo_objeto <- alocar_objeto <- alocar_bloco <- SEMENTE heap::alocar_bloco; lanca: via carregar_nativo <- com_memoria <- lancar_erro_de_intervalo <- dartforge_exception_throw <- definir_excecao <- SEMENTE definir_excecao; dart: via carregar_nativo <- com_memoria <- lancar_erro_de_argumento <- dartforge_argument_error_new <- SEMENTE[sdk] ajudante (funcao Dart registrada)
dartforge_nativo_DartForge_ffi_carregar_u64	ffi.rs:377	1	1	sdk	1	roda_dart_sdk	coleta: via carregar_nativo <- com_memoria <- lancar_erro_de_argumento <- dartforge_argument_error_new <- alocar_erro_com_rastro <- novo_objeto <- alocar_objeto <- alocar_bloco <- SEMENTE heap::alocar_bloco; lanca: via carregar_nativo <- com_memoria <- lancar_erro_de_intervalo <- dartforge_exception_throw <- definir_excecao <- SEMENTE definir_excecao; dart: via carregar_nativo <- com_memoria <- lancar_erro_de_argumento <- dartforge_argument_error_new <- SEMENTE[sdk] ajudante (funcao Dart registrada)
dartforge_nativo_DartForge_ffi_carregar_u8	ffi.rs:317	1	1	sdk	1	roda_dart_sdk	coleta: via carregar_nativo <- com_memoria <- lancar_erro_de_argumento <- dartforge_argument_error_new <- alocar_erro_com_rastro <- novo_objeto <- alocar_objeto <- alocar_bloco <- SEMENTE heap::alocar_bloco; lanca: via carregar_nativo <- com_memoria <- lancar_erro_de_intervalo <- dartforge_exception_throw <- definir_excecao <- SEMENTE definir_excecao; dart: via carregar_nativo <- com_memoria <- lancar_erro_de_argumento <- dartforge_argument_error_new <- SEMENTE[sdk] ajudante (funcao Dart registrada)
dartforge_nativo_DartForge_ffi_composto_de_tipo	ffi.rs:733	1	1	sdk	1	roda_dart_sdk	coleta: via dartforge_ffi_composto <- dartforge_object_new <- alocar_instancia <- alocar_objeto <- alocar_bloco <- SEMENTE heap::alocar_bloco; lanca: via lancar_erro_de_argumento <- dartforge_exception_throw <- definir_excecao <- SEMENTE definir_excecao; dart: via lancar_erro_de_argumento <- dartforge_argument_error_new <- SEMENTE[sdk] ajudante (funcao Dart registrada)
dartforge_nativo_DartForge_ffi_copiar	ffi.rs:448	1	1	sdk	1	roda_dart_sdk	coleta: via com_memoria <- lancar_erro_de_argumento <- dartforge_argument_error_new <- alocar_erro_com_rastro <- novo_objeto <- alocar_objeto <- alocar_bloco <- SEMENTE heap::alocar_bloco; lanca: via com_memoria <- lancar_erro_de_intervalo <- dartforge_exception_throw <- definir_excecao <- SEMENTE definir_excecao; dart: via com_memoria <- lancar_erro_de_argumento <- dartforge_argument_error_new <- SEMENTE[sdk] ajudante (funcao Dart registrada)
dartforge_nativo_DartForge_ffi_funcao	ffi.rs:164	1	1	sdk	1	roda_dart_sdk	coleta: via novo_contexto <- alocar_instancia <- alocar_objeto <- alocar_bloco <- SEMENTE heap::alocar_bloco; lanca: via lancar_unsupported <- dartforge_exception_throw <- definir_excecao <- SEMENTE definir_excecao; dart: via lancar_erro_de_argumento <- dartforge_argument_error_new <- SEMENTE[sdk] ajudante (funcao Dart registrada)
dartforge_nativo_DartForge_ffi_gravar_abi	ffi.rs:435	1	1	sdk	1	roda_dart_sdk	coleta: via lancar_unsupported <- dartforge_unsupported_error_new <- alocar_erro_com_rastro <- novo_objeto <- alocar_objeto <- alocar_bloco <- SEMENTE heap::alocar_bloco; lanca: via lancar_unsupported <- dartforge_exception_throw <- definir_excecao <- SEMENTE definir_excecao; dart: via lancar_unsupported <- dartforge_unsupported_error_new <- SEMENTE[sdk] ajudante (funcao Dart registrada)
dartforge_nativo_DartForge_ffi_gravar_f32	ffi.rs:393	1	1	sdk	1	roda_dart_sdk	coleta: via com_memoria <- lancar_erro_de_argumento <- dartforge_argument_error_new <- alocar_erro_com_rastro <- novo_objeto <- alocar_objeto <- alocar_bloco <- SEMENTE heap::alocar_bloco; lanca: via com_memoria <- lancar_erro_de_intervalo <- dartforge_exception_throw <- definir_excecao <- SEMENTE definir_excecao; dart: via com_memoria <- lancar_erro_de_argumento <- dartforge_argument_error_new <- SEMENTE[sdk] ajudante (funcao Dart registrada)
dartforge_nativo_DartForge_ffi_gravar_f64	ffi.rs:405	1	1	sdk	1	roda_dart_sdk	coleta: via com_memoria <- lancar_erro_de_argumento <- dartforge_argument_error_new <- alocar_erro_com_rastro <- novo_objeto <- alocar_objeto <- alocar_bloco <- SEMENTE heap::alocar_bloco; lanca: via com_memoria <- lancar_erro_de_intervalo <- dartforge_exception_throw <- definir_excecao <- SEMENTE definir_excecao; dart: via com_memoria <- lancar_erro_de_argumento <- dartforge_argument_error_new <- SEMENTE[sdk] ajudante (funcao Dart registrada)
dartforge_nativo_DartForge_ffi_gravar_i16	ffi.rs:332	1	1	sdk	1	roda_dart_sdk	coleta: via gravar_nativo <- com_memoria <- lancar_erro_de_argumento <- dartforge_argument_error_new <- alocar_erro_com_rastro <- novo_objeto <- alocar_objeto <- alocar_bloco <- SEMENTE heap::alocar_bloco; lanca: via gravar_nativo <- com_memoria <- lancar_erro_de_intervalo <- dartforge_exception_throw <- definir_excecao <- SEMENTE definir_excecao; dart: via gravar_nativo <- com_memoria <- lancar_erro_de_argumento <- dartforge_argument_error_new <- SEMENTE[sdk] ajudante (funcao Dart registrada)
dartforge_nativo_DartForge_ffi_gravar_i32	ffi.rs:352	1	1	sdk	1	roda_dart_sdk	coleta: via gravar_nativo <- com_memoria <- lancar_erro_de_argumento <- dartforge_argument_error_new <- alocar_erro_com_rastro <- novo_objeto <- alocar_objeto <- alocar_bloco <- SEMENTE heap::alocar_bloco; lanca: via gravar_nativo <- com_memoria <- lancar_erro_de_intervalo <- dartforge_exception_throw <- definir_excecao <- SEMENTE definir_excecao; dart: via gravar_nativo <- com_memoria <- lancar_erro_de_argumento <- dartforge_argument_error_new <- SEMENTE[sdk] ajudante (funcao Dart registrada)
dartforge_nativo_DartForge_ffi_gravar_i64	ffi.rs:372	1	1	sdk	1	roda_dart_sdk	coleta: via gravar_nativo <- com_memoria <- lancar_erro_de_argumento <- dartforge_argument_error_new <- alocar_erro_com_rastro <- novo_objeto <- alocar_objeto <- alocar_bloco <- SEMENTE heap::alocar_bloco; lanca: via gravar_nativo <- com_memoria <- lancar_erro_de_intervalo <- dartforge_exception_throw <- definir_excecao <- SEMENTE definir_excecao; dart: via gravar_nativo <- com_memoria <- lancar_erro_de_argumento <- dartforge_argument_error_new <- SEMENTE[sdk] ajudante (funcao Dart registrada)
dartforge_nativo_DartForge_ffi_gravar_i8	ffi.rs:312	1	1	sdk	1	roda_dart_sdk	coleta: via gravar_nativo <- com_memoria <- lancar_erro_de_argumento <- dartforge_argument_error_new <- alocar_erro_com_rastro <- novo_objeto <- alocar_objeto <- alocar_bloco <- SEMENTE heap::alocar_bloco; lanca: via gravar_nativo <- com_memoria <- lancar_erro_de_intervalo <- dartforge_exception_throw <- definir_excecao <- SEMENTE definir_excecao; dart: via gravar_nativo <- com_memoria <- lancar_erro_de_argumento <- dartforge_argument_error_new <- SEMENTE[sdk] ajudante (funcao Dart registrada)
dartforge_nativo_DartForge_ffi_gravar_u16	ffi.rs:342	1	1	sdk	1	roda_dart_sdk	coleta: via gravar_nativo <- com_memoria <- lancar_erro_de_argumento <- dartforge_argument_error_new <- alocar_erro_com_rastro <- novo_objeto <- alocar_objeto <- alocar_bloco <- SEMENTE heap::alocar_bloco; lanca: via gravar_nativo <- com_memoria <- lancar_erro_de_intervalo <- dartforge_exception_throw <- definir_excecao <- SEMENTE definir_excecao; dart: via gravar_nativo <- com_memoria <- lancar_erro_de_argumento <- dartforge_argument_error_new <- SEMENTE[sdk] ajudante (funcao Dart registrada)
dartforge_nativo_DartForge_ffi_gravar_u32	ffi.rs:362	1	1	sdk	1	roda_dart_sdk	coleta: via gravar_nativo <- com_memoria <- lancar_erro_de_argumento <- dartforge_argument_error_new <- alocar_erro_com_rastro <- novo_objeto <- alocar_objeto <- alocar_bloco <- SEMENTE heap::alocar_bloco; lanca: via gravar_nativo <- com_memoria <- lancar_erro_de_intervalo <- dartforge_exception_throw <- definir_excecao <- SEMENTE definir_excecao; dart: via gravar_nativo <- com_memoria <- lancar_erro_de_argumento <- dartforge_argument_error_new <- SEMENTE[sdk] ajudante (funcao Dart registrada)
dartforge_nativo_DartForge_ffi_gravar_u64	ffi.rs:382	1	1	sdk	1	roda_dart_sdk	coleta: via gravar_nativo <- com_memoria <- lancar_erro_de_argumento <- dartforge_argument_error_new <- alocar_erro_com_rastro <- novo_objeto <- alocar_objeto <- alocar_bloco <- SEMENTE heap::alocar_bloco; lanca: via gravar_nativo <- com_memoria <- lancar_erro_de_intervalo <- dartforge_exception_throw <- definir_excecao <- SEMENTE definir_excecao; dart: via gravar_nativo <- com_memoria <- lancar_erro_de_argumento <- dartforge_argument_error_new <- SEMENTE[sdk] ajudante (funcao Dart registrada)
dartforge_nativo_DartForge_ffi_gravar_u8	ffi.rs:322	1	1	sdk	1	roda_dart_sdk	coleta: via gravar_nativo <- com_memoria <- lancar_erro_de_argumento <- dartforge_argument_error_new <- alocar_erro_com_rastro <- novo_objeto <- alocar_objeto <- alocar_bloco <- SEMENTE heap::alocar_bloco; lanca: via gravar_nativo <- com_memoria <- lancar_erro_de_intervalo <- dartforge_exception_throw <- definir_excecao <- SEMENTE definir_excecao; dart: via gravar_nativo <- com_memoria <- lancar_erro_de_argumento <- dartforge_argument_error_new <- SEMENTE[sdk] ajudante (funcao Dart registrada)
dartforge_nativo_DartForge_ffi_tamanho	ffi.rs:140	1	1	sdk	1	roda_dart_sdk	coleta: via lancar_erro_de_argumento <- dartforge_argument_error_new <- alocar_erro_com_rastro <- novo_objeto <- alocar_objeto <- alocar_bloco <- SEMENTE heap::alocar_bloco; lanca: via lancar_unsupported <- dartforge_exception_throw <- definir_excecao <- SEMENTE definir_excecao; dart: via lancar_erro_de_argumento <- dartforge_argument_error_new <- SEMENTE[sdk] ajudante (funcao Dart registrada)
dartforge_nativo_DartForge_finalizador_anexar	finalizadores.rs:19	0	0	0	1	folha_pura	
dartforge_nativo_DartForge_finalizador_anexar_nativo	finalizadores.rs:33	1	1	sdk	1	roda_dart_sdk	coleta: via lancar_erro_de_argumento <- dartforge_argument_error_new <- alocar_erro_com_rastro <- novo_objeto <- alocar_objeto <- alocar_bloco <- SEMENTE heap::alocar_bloco; lanca: via lancar_erro_de_argumento <- dartforge_exception_throw <- definir_excecao <- SEMENTE definir_excecao; dart: via lancar_erro_de_argumento <- dartforge_argument_error_new <- SEMENTE[sdk] ajudante (funcao Dart registrada)
dartforge_nativo_DartForge_finalizador_desanexar	finalizadores.rs:50	0	0	0	1	folha_pura	
dartforge_nativo_DartForge_hash_conjunto_adicionar	nativos_hash.rs:505	0	0	0	1	folha_pura	
dartforge_nativo_DartForge_hash_conjunto_buscar	nativos_hash.rs:516	0	0	0	1	folha_pura	
dartforge_nativo_DartForge_hash_conjunto_preencher	nativos_hash.rs:573	0	0	0	1	folha_pura	
dartforge_nativo_DartForge_hash_mapa_buscar	nativos_hash.rs:490	0	0	0	1	folha_pura	
dartforge_nativo_DartForge_hash_mapa_gravar	nativos_hash.rs:479	0	0	0	1	folha_pura	
dartforge_nativo_DartForge_hash_mapa_preencher	nativos_hash.rs:549	0	0	0	1	folha_pura	
dartforge_nativo_DartForge_hash_novos_dados	nativos_hash.rs:598	1	0	0	1	so_coleta	coleta: via nova_lista <- alocar <- alocar_bloco <- SEMENTE heap::alocar_bloco
dartforge_nativo_DartForge_imprimir	nativos_strings.rs:245	0	0	0	1	folha_pura	
dartforge_nativo_DartForge_int_hashCode	nativos_numeros.rs:445	0	0	0	1	folha_pura	
dartforge_nativo_DartForge_int_toString	nativos_numeros.rs:430	1	0	0	1	so_coleta	coleta: via dartforge_to_string_i64 <- alocar_texto <- novo_texto <- alocar <- alocar_bloco <- SEMENTE heap::alocar_bloco
dartforge_nativo_DartForge_json_empilhar	nativos_listas.rs:113	1	0	0	1	so_coleta	coleta: via lista_push <- lista_reservar <- nova_lista <- alocar <- alocar_bloco <- SEMENTE heap::alocar_bloco
dartforge_nativo_DartForge_json_fechar_lista	nativos_listas.rs:204	1	0	0	1	so_coleta	coleta: via nova_expansivel <- alocar_instancia <- alocar_objeto <- alocar_bloco <- SEMENTE heap::alocar_bloco
dartforge_nativo_DartForge_json_marca	nativos_listas.rs:193	0	0	0	1	folha_pura	
dartforge_nativo_DartForge_json_truncar	nativos_listas.rs:179	0	0	0	1	folha_pura	
dartforge_nativo_DartForge_ler_texto	compat_jit.rs:90	1	0	0	1	so_coleta	coleta: via alocar_str <- alocar_texto <- novo_texto <- alocar <- alocar_bloco <- SEMENTE heap::alocar_bloco
dartforge_nativo_DartForge_lista_get	nativos_listas.rs:271	1	1	sdk	1	roda_dart_sdk	coleta: via lista_get_ref <- como_ref <- caixa_int <- alocar <- alocar_bloco <- SEMENTE heap::alocar_bloco; lanca: via fora_da_lista <- lancar_faixa <- dartforge_exception_throw <- definir_excecao <- SEMENTE definir_excecao; dart: via fora_da_lista <- lancar_faixa <- dartforge_range_error_range <- SEMENTE[sdk] ajudante (funcao Dart registrada)
dartforge_nativo_DartForge_math_acos	nativos_numeros.rs:595	0	0	0	1	folha_pura	
dartforge_nativo_DartForge_math_asin	nativos_numeros.rs:599	0	0	0	1	folha_pura	
dartforge_nativo_DartForge_math_atan	nativos_numeros.rs:603	0	0	0	1	folha_pura	
dartforge_nativo_DartForge_math_atan2	nativos_numeros.rs:607	0	0	0	1	folha_pura	
dartforge_nativo_DartForge_math_cos	nativos_numeros.rs:587	0	0	0	1	folha_pura	
dartforge_nativo_DartForge_math_exp	nativos_numeros.rs:611	0	0	0	1	folha_pura	
dartforge_nativo_DartForge_math_log	nativos_numeros.rs:615	0	0	0	1	folha_pura	
dartforge_nativo_DartForge_math_pow	nativos_numeros.rs:620	0	0	0	1	folha_pura	
dartforge_nativo_DartForge_math_sin	nativos_numeros.rs:583	0	0	0	1	folha_pura	
dartforge_nativo_DartForge_math_sqrt	nativos_numeros.rs:579	0	0	0	1	folha_pura	
dartforge_nativo_DartForge_math_tan	nativos_numeros.rs:591	0	0	0	1	folha_pura	
dartforge_nativo_DartForge_mensagem_atual	portas.rs:1341	0	0	0	1	folha_pura	
dartforge_nativo_DartForge_mirrors_nome	compat_jit.rs:70	1	0	0	1	so_coleta	coleta: via alocar_str <- alocar_texto <- novo_texto <- alocar <- alocar_bloco <- SEMENTE heap::alocar_bloco
dartforge_nativo_DartForge_mirrors_uri	compat_jit.rs:60	1	0	0	1	so_coleta	coleta: via alocar_str <- alocar_texto <- novo_texto <- alocar <- alocar_bloco <- SEMENTE heap::alocar_bloco
dartforge_nativo_DartForge_package_config	compat_jit.rs:80	1	0	0	1	so_coleta	coleta: via alocar_str <- alocar_texto <- novo_texto <- alocar <- alocar_bloco <- SEMENTE heap::alocar_bloco
dartforge_nativo_DartForge_porta_abrir	portas.rs:1258	0	0	0	1	folha_pura	
dartforge_nativo_DartForge_porta_atual	portas.rs:1335	0	0	0	1	folha_pura	
dartforge_nativo_DartForge_porta_enviar	portas.rs:1300	0	0	0	1	folha_pura	
dartforge_nativo_DartForge_porta_fechar	portas.rs:1275	0	0	0	1	folha_pura	
dartforge_nativo_DartForge_porta_mantem_vivo	portas.rs:1292	0	0	0	1	folha_pura	
dartforge_nativo_DartForge_porta_manter_vivo	portas.rs:1282	0	0	0	1	folha_pura	
dartforge_nativo_DartForge_porta_recusa	portas.rs:1320	1	0	0	1	so_coleta	coleta: via alocar_str <- alocar_texto <- novo_texto <- alocar <- alocar_bloco <- SEMENTE heap::alocar_bloco
dartforge_nativo_DartForge_portas_despachante	portas.rs:1328	0	0	0	1	folha_pura	
dartforge_nativo_DartForge_record_fieldAt	nucleo.rs:746	0	0	0	1	folha_pura	
dartforge_nativo_DartForge_record_fieldNames	nucleo.rs:740	1	0	0	1	so_coleta	coleta: via nova_lista <- alocar <- alocar_bloco <- SEMENTE heap::alocar_bloco
dartforge_nativo_DartForge_record_numFields	nucleo.rs:727	0	0	0	1	folha_pura	
dartforge_nativo_DartForge_record_shape	nucleo.rs:733	0	0	0	1	folha_pura	
dartforge_nativo_DartForge_regexp_captura	regexp.rs:1262	0	0	0	1	folha_pura	
dartforge_nativo_DartForge_regexp_compilar	regexp.rs:1178	1	0	0	1	so_coleta	coleta: via novo_programa_re <- alocar <- alocar_bloco <- SEMENTE heap::alocar_bloco
dartforge_nativo_DartForge_regexp_erro	regexp.rs:1200	1	0	0	1	so_coleta	coleta: via alocar_str <- alocar_str <- alocar_texto <- novo_texto <- alocar <- alocar_bloco <- SEMENTE heap::alocar_bloco
dartforge_nativo_DartForge_regexp_executar	regexp.rs:1235	0	0	0	1	folha_pura	
dartforge_nativo_DartForge_regexp_grupos	regexp.rs:1207	0	0	0	1	folha_pura	
dartforge_nativo_DartForge_regexp_indice_do_nome	regexp.rs:1226	0	0	0	1	folha_pura	
dartforge_nativo_DartForge_regexp_n_nomes	regexp.rs:1213	0	0	0	1	folha_pura	
dartforge_nativo_DartForge_regexp_nome	regexp.rs:1219	1	0	0	1	so_coleta	coleta: via alocar_str <- alocar_str <- alocar_texto <- novo_texto <- alocar <- alocar_bloco <- SEMENTE heap::alocar_bloco
dartforge_nativo_DartForge_sb_escrever	nativos_strings.rs:469	0	0	0	1	folha_pura	
dartforge_nativo_DartForge_sb_escrever_codigo	nativos_strings.rs:503	0	0	0	1	folha_pura	
dartforge_nativo_DartForge_sb_escrever_se_texto	nativos_strings.rs:479	0	0	0	1	folha_pura	
dartforge_nativo_DartForge_sb_novo	nativos_strings.rs:463	1	0	0	1	so_coleta	coleta: via novo_acumulador_com <- alocar <- alocar_bloco <- SEMENTE heap::alocar_bloco
dartforge_nativo_DartForge_sb_texto	nativos_strings.rs:515	1	0	0	1	so_coleta	coleta: via alocar_texto <- novo_texto <- alocar <- alocar_bloco <- SEMENTE heap::alocar_bloco
dartforge_nativo_DartForge_scheduleImmediate	eventos.rs:78	0	0	0	1	folha_pura	
dartforge_nativo_DartForge_string_codeUnitAt	nativos_strings.rs:25	1	1	sdk	1	roda_dart_sdk	coleta: via lancar_range <- dartforge_range_error_range <- alocar_erro_com_rastro <- novo_objeto <- alocar_objeto <- alocar_bloco <- SEMENTE heap::alocar_bloco; lanca: via lancar_range <- dartforge_exception_throw <- definir_excecao <- SEMENTE definir_excecao; dart: via lancar_range <- dartforge_range_error_range <- SEMENTE[sdk] ajudante (funcao Dart registrada)
dartforge_nativo_DartForge_string_de_codigos	nativos_strings.rs:535	1	0	0	1	so_coleta	coleta: via alocar_texto <- novo_texto <- alocar <- alocar_bloco <- SEMENTE heap::alocar_bloco
dartforge_nativo_DartForge_string_dividir_por_codigo	nativos_strings.rs:195	1	0	0	1	so_coleta	coleta: via fatia_de_texto <- novo_texto <- alocar <- alocar_bloco <- SEMENTE heap::alocar_bloco
dartforge_nativo_DartForge_string_iguais	nativos_strings.rs:223	0	0	0	1	folha_pura	
dartforge_nativo_DartForge_string_igual_a	nativos_strings.rs:232	0	0	0	1	folha_pura	
dartforge_nativo_DartForge_string_indice_de	nativos_strings.rs:163	0	0	0	1	folha_pura	
dartforge_nativo_DartForge_string_regiao_igual	nativos_strings.rs:147	0	0	0	1	folha_pura	
dartforge_nativo_DartForge_string_ultimo_indice_de	nativos_strings.rs:179	0	0	0	1	folha_pura	
dartforge_nativo_DartForge_tls_contexto_alpn	tls.rs:209	0	0	0	1	folha_pura	
dartforge_nativo_DartForge_tls_contexto_autoridades	tls.rs:201	1	0	0	1	so_coleta	coleta: via texto_ou_nulo <- alocar_str <- alocar_str <- alocar_texto <- novo_texto <- alocar <- alocar_bloco <- SEMENTE heap::alocar_bloco
dartforge_nativo_DartForge_tls_contexto_cadeia	tls.rs:193	1	0	0	1	so_coleta	coleta: via texto_ou_nulo <- alocar_str <- alocar_str <- alocar_texto <- novo_texto <- alocar <- alocar_bloco <- SEMENTE heap::alocar_bloco
dartforge_nativo_DartForge_tls_contexto_chave	tls.rs:164	0	0	0	1	folha_pura	
dartforge_nativo_DartForge_tls_contexto_confiaveis	tls.rs:182	1	0	0	1	so_coleta	coleta: via texto_ou_nulo <- alocar_str <- alocar_str <- alocar_texto <- novo_texto <- alocar <- alocar_bloco <- SEMENTE heap::alocar_bloco
dartforge_nativo_DartForge_tls_contexto_definir_versao_minima	tls.rs:229	0	0	0	1	folha_pura	
dartforge_nativo_DartForge_tls_contexto_novo	tls.rs:154	0	0	0	1	folha_pura	
dartforge_nativo_DartForge_tls_contexto_raizes_embutidas	tls.rs:221	0	0	0	1	folha_pura	
dartforge_nativo_DartForge_tls_contexto_versao_minima	tls.rs:234	0	0	0	1	folha_pura	
dartforge_nativo_DartForge_tls_filtro_certificado_do_par	tls.rs:583	0	0	0	1	folha_pura	
dartforge_nativo_DartForge_tls_filtro_certificado_pendente	tls.rs:554	0	0	0	1	folha_pura	
dartforge_nativo_DartForge_tls_filtro_chaves_pendentes	tls.rs:411	1	0	0	1	so_coleta	coleta: via alocar_str <- alocar_str <- alocar_texto <- novo_texto <- alocar <- alocar_bloco <- SEMENTE heap::alocar_bloco
dartforge_nativo_DartForge_tls_filtro_conectar	tls.rs:421	1	0	0	1	so_coleta	coleta: via alocar_str <- alocar_str <- alocar_texto <- novo_texto <- alocar <- alocar_bloco <- SEMENTE heap::alocar_bloco
dartforge_nativo_DartForge_tls_filtro_decidir	tls.rs:562	0	0	0	1	folha_pura	
dartforge_nativo_DartForge_tls_filtro_destruir	tls.rs:391	0	0	0	1	folha_pura	
dartforge_nativo_DartForge_tls_filtro_erro	tls.rs:545	1	0	0	1	so_coleta	coleta: via alocar_str <- alocar_str <- alocar_texto <- novo_texto <- alocar <- alocar_bloco <- SEMENTE heap::alocar_bloco
dartforge_nativo_DartForge_tls_filtro_handshake	tls.rs:522	0	0	0	1	folha_pura	
dartforge_nativo_DartForge_tls_filtro_novo	tls.rs:376	0	0	0	1	folha_pura	
dartforge_nativo_DartForge_tls_filtro_processar	tls.rs:656	0	0	0	1	folha_pura	
dartforge_nativo_DartForge_tls_filtro_protocolo	tls.rs:575	1	0	0	1	so_coleta	coleta: via dart_texto_de_bytes <- alocar_str <- alocar_str <- alocar_texto <- novo_texto <- alocar <- alocar_bloco <- SEMENTE heap::alocar_bloco
dartforge_nativo_DartForge_tls_filtro_registrar_chaves	tls.rs:402	0	0	0	1	folha_pura	
dartforge_nativo_DartForge_tls_x509_adotar	tls.rs:797	0	0	0	1	folha_pura	
dartforge_nativo_DartForge_tls_x509_der	tls.rs:814	1	0	0	1	so_coleta	coleta: via dart_bytes <- dart_tipada_de_bytes <- nova_tipada <- alocar <- alocar_bloco <- SEMENTE heap::alocar_bloco
dartforge_nativo_DartForge_tls_x509_emissor	tls.rs:843	1	0	0	1	so_coleta	coleta: via alocar_str <- alocar_str <- alocar_texto <- novo_texto <- alocar <- alocar_bloco <- SEMENTE heap::alocar_bloco
dartforge_nativo_DartForge_tls_x509_fim	tls.rs:855	0	0	0	1	folha_pura	
dartforge_nativo_DartForge_tls_x509_inicio	tls.rs:849	0	0	0	1	folha_pura	
dartforge_nativo_DartForge_tls_x509_pem	tls.rs:819	1	0	0	1	so_coleta	coleta: via alocar_str <- alocar_str <- alocar_texto <- novo_texto <- alocar <- alocar_bloco <- SEMENTE heap::alocar_bloco
dartforge_nativo_DartForge_tls_x509_sha1	tls.rs:831	1	0	0	1	so_coleta	coleta: via dart_bytes <- dart_tipada_de_bytes <- nova_tipada <- alocar <- alocar_bloco <- SEMENTE heap::alocar_bloco
dartforge_nativo_DartForge_tls_x509_sujeito	tls.rs:837	1	0	0	1	so_coleta	coleta: via alocar_str <- alocar_str <- alocar_texto <- novo_texto <- alocar <- alocar_bloco <- SEMENTE heap::alocar_bloco
dartforge_nativo_DartForge_typed_getInt16	typed_data.rs:269	1	1	sdk	1	roda_dart_sdk	coleta: via ler <- endereco_de_bytes <- lancar_indice <- dartforge_range_error_index <- alocar_erro_com_rastro <- novo_objeto <- alocar_objeto <- alocar_bloco <- SEMENTE heap::alocar_bloco; lanca: via ler <- endereco_de_bytes <- lancar_indice <- dartforge_exception_throw <- definir_excecao <- SEMENTE definir_excecao; dart: via ler <- endereco_de_bytes <- lancar_indice <- SEMENTE[sdk] ajudante (funcao Dart registrada)
dartforge_nativo_DartForge_typed_getInt32	typed_data.rs:293	1	1	sdk	1	roda_dart_sdk	coleta: via ler <- endereco_de_bytes <- lancar_indice <- dartforge_range_error_index <- alocar_erro_com_rastro <- novo_objeto <- alocar_objeto <- alocar_bloco <- SEMENTE heap::alocar_bloco; lanca: via ler <- endereco_de_bytes <- lancar_indice <- dartforge_exception_throw <- definir_excecao <- SEMENTE definir_excecao; dart: via ler <- endereco_de_bytes <- lancar_indice <- SEMENTE[sdk] ajudante (funcao Dart registrada)
dartforge_nativo_DartForge_typed_getInt64	typed_data.rs:317	1	1	sdk	1	roda_dart_sdk	coleta: via ler <- endereco_de_bytes <- lancar_indice <- dartforge_range_error_index <- alocar_erro_com_rastro <- novo_objeto <- alocar_objeto <- alocar_bloco <- SEMENTE heap::alocar_bloco; lanca: via ler <- endereco_de_bytes <- lancar_indice <- dartforge_exception_throw <- definir_excecao <- SEMENTE definir_excecao; dart: via ler <- endereco_de_bytes <- lancar_indice <- SEMENTE[sdk] ajudante (funcao Dart registrada)
dartforge_nativo_DartForge_typed_getInt8	typed_data.rs:245	1	1	sdk	1	roda_dart_sdk	coleta: via ler <- endereco_de_bytes <- lancar_indice <- dartforge_range_error_index <- alocar_erro_com_rastro <- novo_objeto <- alocar_objeto <- alocar_bloco <- SEMENTE heap::alocar_bloco; lanca: via ler <- endereco_de_bytes <- lancar_indice <- dartforge_exception_throw <- definir_excecao <- SEMENTE definir_excecao; dart: via ler <- endereco_de_bytes <- lancar_indice <- SEMENTE[sdk] ajudante (funcao Dart registrada)
dartforge_nativo_DartForge_typed_getUint16	typed_data.rs:281	1	1	sdk	1	roda_dart_sdk	coleta: via ler <- endereco_de_bytes <- lancar_indice <- dartforge_range_error_index <- alocar_erro_com_rastro <- novo_objeto <- alocar_objeto <- alocar_bloco <- SEMENTE heap::alocar_bloco; lanca: via ler <- endereco_de_bytes <- lancar_indice <- dartforge_exception_throw <- definir_excecao <- SEMENTE definir_excecao; dart: via ler <- endereco_de_bytes <- lancar_indice <- SEMENTE[sdk] ajudante (funcao Dart registrada)
dartforge_nativo_DartForge_typed_getUint32	typed_data.rs:305	1	1	sdk	1	roda_dart_sdk	coleta: via ler <- endereco_de_bytes <- lancar_indice <- dartforge_range_error_index <- alocar_erro_com_rastro <- novo_objeto <- alocar_objeto <- alocar_bloco <- SEMENTE heap::alocar_bloco; lanca: via ler <- endereco_de_bytes <- lancar_indice <- dartforge_exception_throw <- definir_excecao <- SEMENTE definir_excecao; dart: via ler <- endereco_de_bytes <- lancar_indice <- SEMENTE[sdk] ajudante (funcao Dart registrada)
dartforge_nativo_DartForge_typed_getUint64	typed_data.rs:329	1	1	sdk	1	roda_dart_sdk	coleta: via ler <- endereco_de_bytes <- lancar_indice <- dartforge_range_error_index <- alocar_erro_com_rastro <- novo_objeto <- alocar_objeto <- alocar_bloco <- SEMENTE heap::alocar_bloco; lanca: via ler <- endereco_de_bytes <- lancar_indice <- dartforge_exception_throw <- definir_excecao <- SEMENTE definir_excecao; dart: via ler <- endereco_de_bytes <- lancar_indice <- SEMENTE[sdk] ajudante (funcao Dart registrada)
dartforge_nativo_DartForge_typed_getUint8	typed_data.rs:257	1	1	sdk	1	roda_dart_sdk	coleta: via ler <- endereco_de_bytes <- lancar_indice <- dartforge_range_error_index <- alocar_erro_com_rastro <- novo_objeto <- alocar_objeto <- alocar_bloco <- SEMENTE heap::alocar_bloco; lanca: via ler <- endereco_de_bytes <- lancar_indice <- dartforge_exception_throw <- definir_excecao <- SEMENTE definir_excecao; dart: via ler <- endereco_de_bytes <- lancar_indice <- SEMENTE[sdk] ajudante (funcao Dart registrada)
dartforge_nativo_DartForge_typed_indexar_double	typed_data.rs:397	1	1	sdk	1	roda_dart_sdk	coleta: via elemento <- lancar_range <- dartforge_range_error_range <- alocar_erro_com_rastro <- novo_objeto <- alocar_objeto <- alocar_bloco <- SEMENTE heap::alocar_bloco; lanca: via elemento <- lancar_range <- dartforge_exception_throw <- definir_excecao <- SEMENTE definir_excecao; dart: via elemento <- lancar_range <- dartforge_range_error_range <- SEMENTE[sdk] ajudante (funcao Dart registrada)
dartforge_nativo_DartForge_typed_indexar_int	typed_data.rs:378	1	1	sdk	1	roda_dart_sdk	coleta: via elemento <- lancar_range <- dartforge_range_error_range <- alocar_erro_com_rastro <- novo_objeto <- alocar_objeto <- alocar_bloco <- SEMENTE heap::alocar_bloco; lanca: via elemento <- lancar_range <- dartforge_exception_throw <- definir_excecao <- SEMENTE definir_excecao; dart: via elemento <- lancar_range <- dartforge_range_error_range <- SEMENTE[sdk] ajudante (funcao Dart registrada)
dartforge_nativo_DartForge_typed_indexar_simd	simd.rs:565	1	1	sdk	1	roda_dart_sdk	coleta: via simd_novo <- novo_simd <- alocar <- alocar_bloco <- SEMENTE heap::alocar_bloco; lanca: via elemento <- lancar_range <- dartforge_exception_throw <- definir_excecao <- SEMENTE definir_excecao; dart: via elemento <- lancar_range <- dartforge_range_error_range <- SEMENTE[sdk] ajudante (funcao Dart registrada)
dartforge_nativo_DartForge_typed_memMove1	typed_data.rs:427	0	0	0	1	folha_pura	
dartforge_nativo_DartForge_typed_memMove16	typed_data.rs:451	0	0	0	1	folha_pura	
dartforge_nativo_DartForge_typed_memMove2	typed_data.rs:433	0	0	0	1	folha_pura	
dartforge_nativo_DartForge_typed_memMove4	typed_data.rs:439	0	0	0	1	folha_pura	
dartforge_nativo_DartForge_typed_memMove8	typed_data.rs:445	0	0	0	1	folha_pura	
dartforge_nativo_DartForge_typed_setInt16	typed_data.rs:275	1	1	sdk	1	roda_dart_sdk	coleta: via gravar <- endereco_de_bytes <- lancar_indice <- dartforge_range_error_index <- alocar_erro_com_rastro <- novo_objeto <- alocar_objeto <- alocar_bloco <- SEMENTE heap::alocar_bloco; lanca: via gravar <- endereco_de_bytes <- lancar_indice <- dartforge_exception_throw <- definir_excecao <- SEMENTE definir_excecao; dart: via gravar <- endereco_de_bytes <- lancar_indice <- SEMENTE[sdk] ajudante (funcao Dart registrada)
dartforge_nativo_DartForge_typed_setInt32	typed_data.rs:299	1	1	sdk	1	roda_dart_sdk	coleta: via gravar <- endereco_de_bytes <- lancar_indice <- dartforge_range_error_index <- alocar_erro_com_rastro <- novo_objeto <- alocar_objeto <- alocar_bloco <- SEMENTE heap::alocar_bloco; lanca: via gravar <- endereco_de_bytes <- lancar_indice <- dartforge_exception_throw <- definir_excecao <- SEMENTE definir_excecao; dart: via gravar <- endereco_de_bytes <- lancar_indice <- SEMENTE[sdk] ajudante (funcao Dart registrada)
dartforge_nativo_DartForge_typed_setInt64	typed_data.rs:323	1	1	sdk	1	roda_dart_sdk	coleta: via gravar <- endereco_de_bytes <- lancar_indice <- dartforge_range_error_index <- alocar_erro_com_rastro <- novo_objeto <- alocar_objeto <- alocar_bloco <- SEMENTE heap::alocar_bloco; lanca: via gravar <- endereco_de_bytes <- lancar_indice <- dartforge_exception_throw <- definir_excecao <- SEMENTE definir_excecao; dart: via gravar <- endereco_de_bytes <- lancar_indice <- SEMENTE[sdk] ajudante (funcao Dart registrada)
dartforge_nativo_DartForge_typed_setInt8	typed_data.rs:251	1	1	sdk	1	roda_dart_sdk	coleta: via gravar <- endereco_de_bytes <- lancar_indice <- dartforge_range_error_index <- alocar_erro_com_rastro <- novo_objeto <- alocar_objeto <- alocar_bloco <- SEMENTE heap::alocar_bloco; lanca: via gravar <- endereco_de_bytes <- lancar_indice <- dartforge_exception_throw <- definir_excecao <- SEMENTE definir_excecao; dart: via gravar <- endereco_de_bytes <- lancar_indice <- SEMENTE[sdk] ajudante (funcao Dart registrada)
dartforge_nativo_DartForge_typed_setUint16	typed_data.rs:287	1	1	sdk	1	roda_dart_sdk	coleta: via gravar <- endereco_de_bytes <- lancar_indice <- dartforge_range_error_index <- alocar_erro_com_rastro <- novo_objeto <- alocar_objeto <- alocar_bloco <- SEMENTE heap::alocar_bloco; lanca: via gravar <- endereco_de_bytes <- lancar_indice <- dartforge_exception_throw <- definir_excecao <- SEMENTE definir_excecao; dart: via gravar <- endereco_de_bytes <- lancar_indice <- SEMENTE[sdk] ajudante (funcao Dart registrada)
dartforge_nativo_DartForge_typed_setUint32	typed_data.rs:311	1	1	sdk	1	roda_dart_sdk	coleta: via gravar <- endereco_de_bytes <- lancar_indice <- dartforge_range_error_index <- alocar_erro_com_rastro <- novo_objeto <- alocar_objeto <- alocar_bloco <- SEMENTE heap::alocar_bloco; lanca: via gravar <- endereco_de_bytes <- lancar_indice <- dartforge_exception_throw <- definir_excecao <- SEMENTE definir_excecao; dart: via gravar <- endereco_de_bytes <- lancar_indice <- SEMENTE[sdk] ajudante (funcao Dart registrada)
dartforge_nativo_DartForge_typed_setUint64	typed_data.rs:335	1	1	sdk	1	roda_dart_sdk	coleta: via gravar <- endereco_de_bytes <- lancar_indice <- dartforge_range_error_index <- alocar_erro_com_rastro <- novo_objeto <- alocar_objeto <- alocar_bloco <- SEMENTE heap::alocar_bloco; lanca: via gravar <- endereco_de_bytes <- lancar_indice <- dartforge_exception_throw <- definir_excecao <- SEMENTE definir_excecao; dart: via gravar <- endereco_de_bytes <- lancar_indice <- SEMENTE[sdk] ajudante (funcao Dart registrada)
dartforge_nativo_DartForge_typed_setUint8	typed_data.rs:263	1	1	sdk	1	roda_dart_sdk	coleta: via gravar <- endereco_de_bytes <- lancar_indice <- dartforge_range_error_index <- alocar_erro_com_rastro <- novo_objeto <- alocar_objeto <- alocar_bloco <- SEMENTE heap::alocar_bloco; lanca: via gravar <- endereco_de_bytes <- lancar_indice <- dartforge_exception_throw <- definir_excecao <- SEMENTE definir_excecao; dart: via gravar <- endereco_de_bytes <- lancar_indice <- SEMENTE[sdk] ajudante (funcao Dart registrada)
dartforge_nativo_DartForge_verdadeiro	nativos_numeros.rs:436	0	0	0	1	folha_pura	
dartforge_nativo_DartNativeApiFunctionPointer	ffi_api_nativa.rs:342	1	1	sdk	1	roda_dart_sdk	coleta: via lancar_erro_de_argumento <- dartforge_argument_error_new <- alocar_erro_com_rastro <- novo_objeto <- alocar_objeto <- alocar_bloco <- SEMENTE heap::alocar_bloco; lanca: via lancar_erro_de_argumento <- dartforge_exception_throw <- definir_excecao <- SEMENTE definir_excecao; dart: via lancar_erro_de_argumento <- dartforge_argument_error_new <- SEMENTE[sdk] ajudante (funcao Dart registrada)
dartforge_nativo_DateTime_currentTimeMicros	nativos_sistema.rs:26	0	0	0	1	folha_pura	
dartforge_nativo_DateTime_timeZoneName	nativos_sistema.rs:213	1	0	0	1	so_coleta	coleta: via alocar_str <- alocar_texto <- novo_texto <- alocar <- alocar_bloco <- SEMENTE heap::alocar_bloco
dartforge_nativo_DateTime_timeZoneOffsetInSeconds	nativos_sistema.rs:207	0	0	0	1	folha_pura	
dartforge_nativo_Developer_NativeRuntime_buildId	nativos_desenvolvedor.rs:93	0	0	0	1	folha_pura	
dartforge_nativo_Developer_debugger	nativos_desenvolvedor.rs:15	0	0	0	1	folha_pura	
dartforge_nativo_Developer_getIsolateIdFromSendPort	nativos_desenvolvedor.rs:74	0	0	0	1	folha_pura	
dartforge_nativo_Developer_getObjectId	nativos_desenvolvedor.rs:79	0	0	0	1	folha_pura	
dartforge_nativo_Developer_getServerInfo	nativos_desenvolvedor.rs:64	0	0	0	1	folha_pura	
dartforge_nativo_Developer_getServiceMajorVersion	nativos_desenvolvedor.rs:53	0	0	0	1	folha_pura	
dartforge_nativo_Developer_getServiceMinorVersion	nativos_desenvolvedor.rs:58	0	0	0	1	folha_pura	
dartforge_nativo_Developer_inspect	nativos_desenvolvedor.rs:20	0	0	0	1	folha_pura	
dartforge_nativo_Developer_log	nativos_desenvolvedor.rs:26	0	0	0	1	folha_pura	
dartforge_nativo_Developer_lookupExtension	nativos_desenvolvedor.rs:43	0	0	0	1	folha_pura	
dartforge_nativo_Developer_postEvent	nativos_desenvolvedor.rs:40	0	0	0	1	folha_pura	
dartforge_nativo_Developer_reachability_barrier	nativos_desenvolvedor.rs:86	0	0	0	1	folha_pura	
dartforge_nativo_Developer_registerExtension	nativos_desenvolvedor.rs:48	0	0	0	1	folha_pura	
dartforge_nativo_Developer_webServerControl	nativos_desenvolvedor.rs:69	0	0	0	1	folha_pura	
dartforge_nativo_Directory_Create	io_diretorios.rs:317	1	1	sdk	1	roda_dart_sdk	coleta: via dart_verdadeiro_ou_erro <- dart_ou_erro <- para_dart <- alocar_str <- alocar_str <- alocar_texto <- novo_texto <- alocar <- alocar_bloco <- SEMENTE heap::alocar_bloco; dart: via dart_verdadeiro_ou_erro <- dart_ou_erro <- para_dart <- SEMENTE[sdk] ajudante (funcao Dart registrada)
dartforge_nativo_Directory_CreateTemp	io_diretorios.rs:327	1	1	sdk	1	roda_dart_sdk	coleta: via dart_texto_de_bytes <- alocar_str <- alocar_str <- alocar_texto <- novo_texto <- alocar <- alocar_bloco <- SEMENTE heap::alocar_bloco; dart: via dart_ou_erro <- para_dart <- SEMENTE[sdk] ajudante (funcao Dart registrada)
dartforge_nativo_Directory_Current	io_diretorios.rs:300	1	1	sdk	1	roda_dart_sdk	coleta: via dart_texto_de_bytes <- alocar_str <- alocar_str <- alocar_texto <- novo_texto <- alocar <- alocar_bloco <- SEMENTE heap::alocar_bloco; dart: via dart_ou_erro <- para_dart <- SEMENTE[sdk] ajudante (funcao Dart registrada)
dartforge_nativo_Directory_Delete	io_diretorios.rs:332	1	1	sdk	1	roda_dart_sdk	coleta: via dart_verdadeiro_ou_erro <- dart_ou_erro <- para_dart <- alocar_str <- alocar_str <- alocar_texto <- novo_texto <- alocar <- alocar_bloco <- SEMENTE heap::alocar_bloco; dart: via dart_verdadeiro_ou_erro <- dart_ou_erro <- para_dart <- SEMENTE[sdk] ajudante (funcao Dart registrada)
dartforge_nativo_Directory_Exists	io_diretorios.rs:310	1	1	sdk	1	roda_dart_sdk	coleta: via dart_int <- caixa_int <- alocar <- alocar_bloco <- SEMENTE heap::alocar_bloco; dart: via dart_ou_erro <- para_dart <- SEMENTE[sdk] ajudante (funcao Dart registrada)
dartforge_nativo_Directory_FillWithDirectoryListing	io_diretorios.rs:345	1	1	sdk	1	roda_dart_sdk	coleta: via dart_bytes <- dart_tipada_de_bytes <- nova_tipada <- alocar <- alocar_bloco <- SEMENTE heap::alocar_bloco; lanca: via dartforge_exception_throw <- definir_excecao <- SEMENTE definir_excecao; dart: SEMENTE[sdk] ajudante (funcao Dart registrada)
dartforge_nativo_Directory_GetAsyncDirectoryListerPointer	io_diretorios.rs:459	0	0	0	1	folha_pura	
dartforge_nativo_Directory_Rename	io_diretorios.rs:337	1	1	sdk	1	roda_dart_sdk	coleta: via dart_verdadeiro_ou_erro <- dart_ou_erro <- para_dart <- alocar_str <- alocar_str <- alocar_texto <- novo_texto <- alocar <- alocar_bloco <- SEMENTE heap::alocar_bloco; dart: via dart_verdadeiro_ou_erro <- dart_ou_erro <- para_dart <- SEMENTE[sdk] ajudante (funcao Dart registrada)
dartforge_nativo_Directory_SetAsyncDirectoryListerPointer	io_diretorios.rs:453	0	0	0	1	folha_pura	
dartforge_nativo_Directory_SetCurrent	io_diretorios.rs:305	1	1	sdk	1	roda_dart_sdk	coleta: via dart_verdadeiro_ou_erro <- dart_ou_erro <- para_dart <- alocar_str <- alocar_str <- alocar_texto <- novo_texto <- alocar <- alocar_bloco <- SEMENTE heap::alocar_bloco; dart: via dart_verdadeiro_ou_erro <- dart_ou_erro <- para_dart <- SEMENTE[sdk] ajudante (funcao Dart registrada)
dartforge_nativo_Directory_SystemTemp	io_diretorios.rs:322	1	0	0	1	so_coleta	coleta: via dart_texto_de_bytes <- alocar_str <- alocar_str <- alocar_texto <- novo_texto <- alocar <- alocar_bloco <- SEMENTE heap::alocar_bloco
dartforge_nativo_Double_add	nativos_numeros.rs:164	0	0	0	1	folha_pura	
dartforge_nativo_Double_div	nativos_numeros.rs:179	0	0	0	1	folha_pura	
dartforge_nativo_Double_doubleFromInteger	nativos_numeros.rs:185	0	0	0	1	folha_pura	
dartforge_nativo_Double_equal	nativos_numeros.rs:191	0	0	0	1	folha_pura	
dartforge_nativo_Double_equalToInteger	nativos_numeros.rs:197	0	0	0	1	folha_pura	
dartforge_nativo_Double_flipSignBit	nativos_numeros.rs:216	0	0	0	1	folha_pura	
dartforge_nativo_Double_getIsInfinite	nativos_numeros.rs:226	0	0	0	1	folha_pura	
dartforge_nativo_Double_getIsNaN	nativos_numeros.rs:221	0	0	0	1	folha_pura	
dartforge_nativo_Double_getIsNegative	nativos_numeros.rs:232	0	0	0	1	folha_pura	
dartforge_nativo_Double_greaterThan	nativos_numeros.rs:203	0	0	0	1	folha_pura	
dartforge_nativo_Double_greaterThanFromInteger	nativos_numeros.rs:210	0	0	0	1	folha_pura	
dartforge_nativo_Double_mul	nativos_numeros.rs:174	0	0	0	1	folha_pura	
dartforge_nativo_Double_parse	nativos_numeros.rs:524	1	0	0	1	so_coleta	coleta: via caixa_double <- alocar <- alocar_bloco <- SEMENTE heap::alocar_bloco
dartforge_nativo_Double_sub	nativos_numeros.rs:169	0	0	0	1	folha_pura	
dartforge_nativo_Double_toString	nativos_numeros.rs:413	1	0	0	1	so_coleta	coleta: via alocar_texto <- novo_texto <- alocar <- alocar_bloco <- SEMENTE heap::alocar_bloco
dartforge_nativo_Double_toStringAsExponential	nativos_numeros.rs:959	1	0	0	1	so_coleta	coleta: via alocar_str <- alocar_texto <- novo_texto <- alocar <- alocar_bloco <- SEMENTE heap::alocar_bloco
dartforge_nativo_Double_toStringAsFixed	nativos_numeros.rs:953	1	0	0	1	so_coleta	coleta: via alocar_str <- alocar_texto <- novo_texto <- alocar <- alocar_bloco <- SEMENTE heap::alocar_bloco
dartforge_nativo_Double_toStringAsPrecision	nativos_numeros.rs:965	1	0	0	1	so_coleta	coleta: via alocar_str <- alocar_texto <- novo_texto <- alocar <- alocar_bloco <- SEMENTE heap::alocar_bloco
dartforge_nativo_Error_throwWithStackTrace	excecoes.rs:155	1	1	0	1	coleta+lanca	coleta: via dartforge_throw_with_stack_trace <- dartforge_exception_throw <- dartforge_stack_trace_get <- alocar_stack_trace <- novo_objeto <- alocar_objeto <- alocar_bloco <- SEMENTE heap::alocar_bloco; lanca: via dartforge_throw_with_stack_trace <- dartforge_exception_throw <- definir_excecao <- SEMENTE definir_excecao
dartforge_nativo_Error_trySetStackTrace	eventos.rs:233	0	0	0	1	folha_pura	
dartforge_nativo_EventHandler_SendData	io_eventos.rs:922	1	1	0	1	coleta+lanca	coleta: via lancar_erro_interno <- dartforge_exception_throw <- dartforge_stack_trace_get <- alocar_stack_trace <- novo_objeto <- alocar_objeto <- alocar_bloco <- SEMENTE heap::alocar_bloco; lanca: via lancar_erro_interno <- dartforge_exception_throw <- definir_excecao <- SEMENTE definir_excecao
dartforge_nativo_EventHandler_TimerMillisecondClock	io_eventos.rs:941	0	0	0	1	folha_pura	
dartforge_nativo_Ffi_dl_close	ffi.rs:641	1	1	sdk	1	roda_dart_sdk	coleta: via lancar_erro_de_argumento <- dartforge_argument_error_new <- alocar_erro_com_rastro <- novo_objeto <- alocar_objeto <- alocar_bloco <- SEMENTE heap::alocar_bloco; lanca: via lancar_erro_de_argumento <- dartforge_exception_throw <- definir_excecao <- SEMENTE definir_excecao; dart: via lancar_erro_de_argumento <- dartforge_argument_error_new <- SEMENTE[sdk] ajudante (funcao Dart registrada)
dartforge_nativo_Ffi_dl_executableLibrary	ffi.rs:580	0	0	0	1	folha_pura	
dartforge_nativo_Ffi_dl_lookup	ffi.rs:618	1	1	sdk	1	roda_dart_sdk	coleta: via lancar_erro_de_argumento_ffi <- lancar_erro_de_argumento <- dartforge_argument_error_new <- alocar_erro_com_rastro <- novo_objeto <- alocar_objeto <- alocar_bloco <- SEMENTE heap::alocar_bloco; lanca: via lancar_erro_de_argumento_ffi <- lancar_erro_de_argumento <- dartforge_exception_throw <- definir_excecao <- SEMENTE definir_excecao; dart: via lancar_erro_de_argumento_ffi <- lancar_erro_de_argumento <- dartforge_argument_error_new <- SEMENTE[sdk] ajudante (funcao Dart registrada)
dartforge_nativo_Ffi_dl_open	ffi.rs:547	1	1	sdk	1	roda_dart_sdk	coleta: via lancar_erro_de_argumento_ffi <- lancar_erro_de_argumento <- dartforge_argument_error_new <- alocar_erro_com_rastro <- novo_objeto <- alocar_objeto <- alocar_bloco <- SEMENTE heap::alocar_bloco; lanca: via lancar_erro_de_argumento_ffi <- lancar_erro_de_argumento <- dartforge_exception_throw <- definir_excecao <- SEMENTE definir_excecao; dart: via lancar_erro_de_argumento_ffi <- lancar_erro_de_argumento <- dartforge_argument_error_new <- SEMENTE[sdk] ajudante (funcao Dart registrada)
dartforge_nativo_Ffi_dl_processLibrary	ffi.rs:575	0	0	0	1	folha_pura	
dartforge_nativo_Ffi_dl_providesSymbol	ffi.rs:635	0	0	0	1	folha_pura	
dartforge_nativo_FileSystemWatcher_CloseWatcher	io_observador.rs:140	0	0	0	1	folha_pura	
dartforge_nativo_FileSystemWatcher_GetSocketId	io_observador.rs:253	0	0	0	1	folha_pura	
dartforge_nativo_FileSystemWatcher_InitWatcher	io_observador.rs:101	1	1	sdk	1	roda_dart_sdk	coleta: via lancar_os_error <- dartforge_exception_throw <- dartforge_stack_trace_get <- alocar_stack_trace <- novo_objeto <- alocar_objeto <- alocar_bloco <- SEMENTE heap::alocar_bloco; lanca: via lancar_os_error <- dartforge_exception_throw <- definir_excecao <- SEMENTE definir_excecao; dart: via lancar_os_error <- para_dart <- SEMENTE[sdk] ajudante (funcao Dart registrada)
dartforge_nativo_FileSystemWatcher_IsSupported	io_observador.rs:94	0	0	0	1	folha_pura	
dartforge_nativo_FileSystemWatcher_ReadEvents	io_observador.rs:302	1	1	sdk	1	roda_dart_sdk	coleta: via dart_int <- caixa_int <- alocar <- alocar_bloco <- SEMENTE heap::alocar_bloco; lanca: via lancar_os_error <- dartforge_exception_throw <- definir_excecao <- SEMENTE definir_excecao; dart: via lancar_os_error <- para_dart <- SEMENTE[sdk] ajudante (funcao Dart registrada)
dartforge_nativo_FileSystemWatcher_UnwatchPath	io_observador.rs:229	0	0	0	1	folha_pura	
dartforge_nativo_FileSystemWatcher_WatchPath	io_observador.rs:155	1	1	sdk	1	roda_dart_sdk	coleta: via lancar_os_error <- dartforge_exception_throw <- dartforge_stack_trace_get <- alocar_stack_trace <- novo_objeto <- alocar_objeto <- alocar_bloco <- SEMENTE heap::alocar_bloco; lanca: via lancar_os_error <- dartforge_exception_throw <- definir_excecao <- SEMENTE definir_excecao; dart: via lancar_os_error <- para_dart <- SEMENTE[sdk] ajudante (funcao Dart registrada)
dartforge_nativo_File_AreIdentical	io_arquivos.rs:1268	1	1	sdk	1	roda_dart_sdk	coleta: via dart_ou_erro <- para_dart <- alocar_str <- alocar_str <- alocar_texto <- novo_texto <- alocar <- alocar_bloco <- SEMENTE heap::alocar_bloco; dart: via dart_ou_erro <- para_dart <- SEMENTE[sdk] ajudante (funcao Dart registrada)
dartforge_nativo_File_Close	io_arquivos.rs:1317	0	0	0	1	folha_pura	
dartforge_nativo_File_Copy	io_arquivos.rs:1210	1	1	sdk	1	roda_dart_sdk	coleta: via dart_verdadeiro_ou_erro <- dart_ou_erro <- para_dart <- alocar_str <- alocar_str <- alocar_texto <- novo_texto <- alocar <- alocar_bloco <- SEMENTE heap::alocar_bloco; dart: via dart_verdadeiro_ou_erro <- dart_ou_erro <- para_dart <- SEMENTE[sdk] ajudante (funcao Dart registrada)
dartforge_nativo_File_Create	io_arquivos.rs:1148	1	1	sdk	1	roda_dart_sdk	coleta: via dart_verdadeiro_ou_erro <- dart_ou_erro <- para_dart <- alocar_str <- alocar_str <- alocar_texto <- novo_texto <- alocar <- alocar_bloco <- SEMENTE heap::alocar_bloco; dart: via dart_verdadeiro_ou_erro <- dart_ou_erro <- para_dart <- SEMENTE[sdk] ajudante (funcao Dart registrada)
dartforge_nativo_File_CreateLink	io_arquivos.rs:1153	1	1	sdk	1	roda_dart_sdk	coleta: via dart_nulo_ou_erro <- dart_ou_erro <- para_dart <- alocar_str <- alocar_str <- alocar_texto <- novo_texto <- alocar <- alocar_bloco <- SEMENTE heap::alocar_bloco; dart: via dart_nulo_ou_erro <- dart_ou_erro <- para_dart <- SEMENTE[sdk] ajudante (funcao Dart registrada)
dartforge_nativo_File_CreatePipe	io_arquivos.rs:1159	1	1	sdk	1	roda_dart_sdk	coleta: via dart_int <- caixa_int <- alocar <- alocar_bloco <- SEMENTE heap::alocar_bloco; dart: via para_dart <- SEMENTE[sdk] ajudante (funcao Dart registrada)
dartforge_nativo_File_Delete	io_arquivos.rs:1190	1	1	sdk	1	roda_dart_sdk	coleta: via dart_verdadeiro_ou_erro <- dart_ou_erro <- para_dart <- alocar_str <- alocar_str <- alocar_texto <- novo_texto <- alocar <- alocar_bloco <- SEMENTE heap::alocar_bloco; dart: via dart_verdadeiro_ou_erro <- dart_ou_erro <- para_dart <- SEMENTE[sdk] ajudante (funcao Dart registrada)
dartforge_nativo_File_DeleteLink	io_arquivos.rs:1195	1	1	sdk	1	roda_dart_sdk	coleta: via dart_verdadeiro_ou_erro <- dart_ou_erro <- para_dart <- alocar_str <- alocar_str <- alocar_texto <- novo_texto <- alocar <- alocar_bloco <- SEMENTE heap::alocar_bloco; dart: via dart_verdadeiro_ou_erro <- dart_ou_erro <- para_dart <- SEMENTE[sdk] ajudante (funcao Dart registrada)
dartforge_nativo_File_Exists	io_arquivos.rs:1143	0	0	0	1	folha_pura	
dartforge_nativo_File_Flush	io_arquivos.rs:1446	1	1	sdk	1	roda_dart_sdk	coleta: via arquivo_do_receptor <- lancar_erro_interno <- dartforge_exception_throw <- dartforge_stack_trace_get <- alocar_stack_trace <- novo_objeto <- alocar_objeto <- alocar_bloco <- SEMENTE heap::alocar_bloco; lanca: via arquivo_do_receptor <- lancar_erro_interno <- dartforge_exception_throw <- definir_excecao <- SEMENTE definir_excecao; dart: via dart_verdadeiro_ou_erro <- dart_ou_erro <- para_dart <- SEMENTE[sdk] ajudante (funcao Dart registrada)
dartforge_nativo_File_GetFD	io_arquivos.rs:1311	1	1	0	1	coleta+lanca	coleta: via arquivo_do_receptor <- lancar_erro_interno <- dartforge_exception_throw <- dartforge_stack_trace_get <- alocar_stack_trace <- novo_objeto <- alocar_objeto <- alocar_bloco <- SEMENTE heap::alocar_bloco; lanca: via arquivo_do_receptor <- lancar_erro_interno <- dartforge_exception_throw <- definir_excecao <- SEMENTE definir_excecao
dartforge_nativo_File_GetPointer	io_arquivos.rs:1302	0	0	0	1	folha_pura	
dartforge_nativo_File_GetStdioHandleType	io_arquivos.rs:1252	1	1	sdk	1	roda_dart_sdk	coleta: via dart_int <- caixa_int <- alocar <- alocar_bloco <- SEMENTE heap::alocar_bloco; dart: via dart_ou_erro <- para_dart <- SEMENTE[sdk] ajudante (funcao Dart registrada)
dartforge_nativo_File_GetType	io_arquivos.rs:1257	1	0	0	1	so_coleta	coleta: via dart_int <- caixa_int <- alocar <- alocar_bloco <- SEMENTE heap::alocar_bloco
dartforge_nativo_File_LastAccessed	io_arquivos.rs:1225	1	1	sdk	1	roda_dart_sdk	coleta: via dart_int <- caixa_int <- alocar <- alocar_bloco <- SEMENTE heap::alocar_bloco; dart: via dart_ou_erro <- para_dart <- SEMENTE[sdk] ajudante (funcao Dart registrada)
dartforge_nativo_File_LastModified	io_arquivos.rs:1220	1	1	sdk	1	roda_dart_sdk	coleta: via dart_int <- caixa_int <- alocar <- alocar_bloco <- SEMENTE heap::alocar_bloco; dart: via dart_ou_erro <- para_dart <- SEMENTE[sdk] ajudante (funcao Dart registrada)
dartforge_nativo_File_Length	io_arquivos.rs:1440	1	1	sdk	1	roda_dart_sdk	coleta: via dart_int <- caixa_int <- alocar <- alocar_bloco <- SEMENTE heap::alocar_bloco; lanca: via arquivo_do_receptor <- lancar_erro_interno <- dartforge_exception_throw <- definir_excecao <- SEMENTE definir_excecao; dart: via dart_ou_erro <- para_dart <- SEMENTE[sdk] ajudante (funcao Dart registrada)
dartforge_nativo_File_LengthFromPath	io_arquivos.rs:1215	1	1	sdk	1	roda_dart_sdk	coleta: via dart_int <- caixa_int <- alocar <- alocar_bloco <- SEMENTE heap::alocar_bloco; dart: via dart_ou_erro <- para_dart <- SEMENTE[sdk] ajudante (funcao Dart registrada)
dartforge_nativo_File_LinkTarget	io_arquivos.rs:1185	1	1	sdk	1	roda_dart_sdk	coleta: via dart_texto_de_bytes <- alocar_str <- alocar_str <- alocar_texto <- novo_texto <- alocar <- alocar_bloco <- SEMENTE heap::alocar_bloco; dart: via dart_ou_erro <- para_dart <- SEMENTE[sdk] ajudante (funcao Dart registrada)
dartforge_nativo_File_Lock	io_arquivos.rs:1453	1	1	sdk	1	roda_dart_sdk	coleta: via para_dart <- alocar_str <- alocar_str <- alocar_texto <- novo_texto <- alocar <- alocar_bloco <- SEMENTE heap::alocar_bloco; lanca: via arquivo_do_receptor <- lancar_erro_interno <- dartforge_exception_throw <- definir_excecao <- SEMENTE definir_excecao; dart: via para_dart <- SEMENTE[sdk] ajudante (funcao Dart registrada)
dartforge_nativo_File_Open	io_arquivos.rs:1241	1	1	sdk	1	roda_dart_sdk	coleta: via dart_int <- caixa_int <- alocar <- alocar_bloco <- SEMENTE heap::alocar_bloco; dart: via dart_ou_erro <- para_dart <- SEMENTE[sdk] ajudante (funcao Dart registrada)
dartforge_nativo_File_OpenStdio	io_arquivos.rs:1247	0	0	0	1	folha_pura	
dartforge_nativo_File_Position	io_arquivos.rs:1422	1	1	sdk	1	roda_dart_sdk	coleta: via dart_int <- caixa_int <- alocar <- alocar_bloco <- SEMENTE heap::alocar_bloco; lanca: via arquivo_do_receptor <- lancar_erro_interno <- dartforge_exception_throw <- definir_excecao <- SEMENTE definir_excecao; dart: via dart_ou_erro <- para_dart <- SEMENTE[sdk] ajudante (funcao Dart registrada)
dartforge_nativo_File_Read	io_arquivos.rs:1351	1	1	sdk	1	roda_dart_sdk	coleta: via dartforge_view_nova <- nova_visao <- alocar_instancia <- alocar_objeto <- alocar_bloco <- SEMENTE heap::alocar_bloco; lanca: via arquivo_do_receptor <- lancar_erro_interno <- dartforge_exception_throw <- definir_excecao <- SEMENTE definir_excecao; dart: via para_dart <- SEMENTE[sdk] ajudante (funcao Dart registrada)
dartforge_nativo_File_ReadByte	io_arquivos.rs:1332	1	1	sdk	1	roda_dart_sdk	coleta: via dart_int <- caixa_int <- alocar <- alocar_bloco <- SEMENTE heap::alocar_bloco; lanca: via arquivo_do_receptor <- lancar_erro_interno <- dartforge_exception_throw <- definir_excecao <- SEMENTE definir_excecao; dart: via dart_ou_erro <- para_dart <- SEMENTE[sdk] ajudante (funcao Dart registrada)
dartforge_nativo_File_ReadInto	io_arquivos.rs:1372	1	1	sdk	1	roda_dart_sdk	coleta: via dart_int <- caixa_int <- alocar <- alocar_bloco <- SEMENTE heap::alocar_bloco; lanca: via arquivo_do_receptor <- lancar_erro_interno <- dartforge_exception_throw <- definir_excecao <- SEMENTE definir_excecao; dart: via para_dart <- SEMENTE[sdk] ajudante (funcao Dart registrada)
dartforge_nativo_File_Rename	io_arquivos.rs:1200	1	1	sdk	1	roda_dart_sdk	coleta: via dart_verdadeiro_ou_erro <- dart_ou_erro <- para_dart <- alocar_str <- alocar_str <- alocar_texto <- novo_texto <- alocar <- alocar_bloco <- SEMENTE heap::alocar_bloco; dart: via dart_verdadeiro_ou_erro <- dart_ou_erro <- para_dart <- SEMENTE[sdk] ajudante (funcao Dart registrada)
dartforge_nativo_File_RenameLink	io_arquivos.rs:1205	1	1	sdk	1	roda_dart_sdk	coleta: via dart_verdadeiro_ou_erro <- dart_ou_erro <- para_dart <- alocar_str <- alocar_str <- alocar_texto <- novo_texto <- alocar <- alocar_bloco <- SEMENTE heap::alocar_bloco; dart: via dart_verdadeiro_ou_erro <- dart_ou_erro <- para_dart <- SEMENTE[sdk] ajudante (funcao Dart registrada)
dartforge_nativo_File_ResolveSymbolicLinks	io_arquivos.rs:1273	1	1	sdk	1	roda_dart_sdk	coleta: via dart_texto_de_bytes <- alocar_str <- alocar_str <- alocar_texto <- novo_texto <- alocar <- alocar_bloco <- SEMENTE heap::alocar_bloco; dart: via dart_ou_erro <- para_dart <- SEMENTE[sdk] ajudante (funcao Dart registrada)
dartforge_nativo_File_SetLastAccessed	io_arquivos.rs:1235	1	1	sdk	1	roda_dart_sdk	coleta: via dart_nulo_ou_erro <- dart_ou_erro <- para_dart <- alocar_str <- alocar_str <- alocar_texto <- novo_texto <- alocar <- alocar_bloco <- SEMENTE heap::alocar_bloco; dart: via dart_nulo_ou_erro <- dart_ou_erro <- para_dart <- SEMENTE[sdk] ajudante (funcao Dart registrada)
dartforge_nativo_File_SetLastModified	io_arquivos.rs:1230	1	1	sdk	1	roda_dart_sdk	coleta: via dart_nulo_ou_erro <- dart_ou_erro <- para_dart <- alocar_str <- alocar_str <- alocar_texto <- novo_texto <- alocar <- alocar_bloco <- SEMENTE heap::alocar_bloco; dart: via dart_nulo_ou_erro <- dart_ou_erro <- para_dart <- SEMENTE[sdk] ajudante (funcao Dart registrada)
dartforge_nativo_File_SetPointer	io_arquivos.rs:1295	0	0	0	1	folha_pura	
dartforge_nativo_File_SetPosition	io_arquivos.rs:1428	1	1	sdk	1	roda_dart_sdk	coleta: via arquivo_do_receptor <- lancar_erro_interno <- dartforge_exception_throw <- dartforge_stack_trace_get <- alocar_stack_trace <- novo_objeto <- alocar_objeto <- alocar_bloco <- SEMENTE heap::alocar_bloco; lanca: via arquivo_do_receptor <- lancar_erro_interno <- dartforge_exception_throw <- definir_excecao <- SEMENTE definir_excecao; dart: via dart_verdadeiro_ou_erro <- dart_ou_erro <- para_dart <- SEMENTE[sdk] ajudante (funcao Dart registrada)
dartforge_nativo_File_Stat	io_arquivos.rs:1263	1	1	sdk	1	roda_dart_sdk	coleta: via dart_int64s <- dart_tipada_de_bytes <- nova_tipada <- alocar <- alocar_bloco <- SEMENTE heap::alocar_bloco; dart: via dart_ou_erro <- para_dart <- SEMENTE[sdk] ajudante (funcao Dart registrada)
dartforge_nativo_File_Truncate	io_arquivos.rs:1434	1	1	sdk	1	roda_dart_sdk	coleta: via arquivo_do_receptor <- lancar_erro_interno <- dartforge_exception_throw <- dartforge_stack_trace_get <- alocar_stack_trace <- novo_objeto <- alocar_objeto <- alocar_bloco <- SEMENTE heap::alocar_bloco; lanca: via arquivo_do_receptor <- lancar_erro_interno <- dartforge_exception_throw <- definir_excecao <- SEMENTE definir_excecao; dart: via dart_verdadeiro_ou_erro <- dart_ou_erro <- para_dart <- SEMENTE[sdk] ajudante (funcao Dart registrada)
dartforge_nativo_File_WriteByte	io_arquivos.rs:1340	1	1	sdk	1	roda_dart_sdk	coleta: via dart_int <- caixa_int <- alocar <- alocar_bloco <- SEMENTE heap::alocar_bloco; lanca: via arquivo_do_receptor <- lancar_erro_interno <- dartforge_exception_throw <- definir_excecao <- SEMENTE definir_excecao; dart: via para_dart <- SEMENTE[sdk] ajudante (funcao Dart registrada)
dartforge_nativo_File_WriteFrom	io_arquivos.rs:1413	1	1	sdk	1	roda_dart_sdk	coleta: via arquivo_do_receptor <- lancar_erro_interno <- dartforge_exception_throw <- dartforge_stack_trace_get <- alocar_stack_trace <- novo_objeto <- alocar_objeto <- alocar_bloco <- SEMENTE heap::alocar_bloco; lanca: via arquivo_do_receptor <- lancar_erro_interno <- dartforge_exception_throw <- definir_excecao <- SEMENTE definir_excecao; dart: via dart_nulo_ou_erro <- dart_ou_erro <- para_dart <- SEMENTE[sdk] ajudante (funcao Dart registrada)
dartforge_nativo_Filter_CreateZLibDeflate	zlib.rs:152	1	1	sdk	1	roda_dart_sdk	coleta: via recusar_dicionario <- dartforge_unsupported_error_new <- alocar_erro_com_rastro <- novo_objeto <- alocar_objeto <- alocar_bloco <- SEMENTE heap::alocar_bloco; lanca: via recusar_dicionario <- dartforge_exception_throw <- definir_excecao <- SEMENTE definir_excecao; dart: via recusar_dicionario <- dartforge_unsupported_error_new <- SEMENTE[sdk] ajudante (funcao Dart registrada)
dartforge_nativo_Filter_CreateZLibInflate	zlib.rs:178	1	1	sdk	1	roda_dart_sdk	coleta: via recusar_dicionario <- dartforge_unsupported_error_new <- alocar_erro_com_rastro <- novo_objeto <- alocar_objeto <- alocar_bloco <- SEMENTE heap::alocar_bloco; lanca: via recusar_dicionario <- dartforge_exception_throw <- definir_excecao <- SEMENTE definir_excecao; dart: via recusar_dicionario <- dartforge_unsupported_error_new <- SEMENTE[sdk] ajudante (funcao Dart registrada)
dartforge_nativo_Filter_Process	zlib.rs:206	1	1	sdk	1	roda_dart_sdk	coleta: via lancar_dados_invalidos <- allocate_format_exception <- novo_objeto <- alocar_objeto <- alocar_bloco <- SEMENTE heap::alocar_bloco; lanca: via lancar_erro_interno <- dartforge_exception_throw <- definir_excecao <- SEMENTE definir_excecao; dart: via lancar_dados_invalidos <- allocate_format_exception <- SEMENTE[sdk] ajudante (funcao Dart registrada)
dartforge_nativo_Filter_Processed	zlib.rs:223	1	1	sdk	1	roda_dart_sdk	coleta: via lancar_dados_invalidos <- allocate_format_exception <- novo_objeto <- alocar_objeto <- alocar_bloco <- SEMENTE heap::alocar_bloco; lanca: via lancar_dados_invalidos <- dartforge_exception_throw <- definir_excecao <- SEMENTE definir_excecao; dart: via lancar_dados_invalidos <- allocate_format_exception <- SEMENTE[sdk] ajudante (funcao Dart registrada)
dartforge_nativo_Float32x4_abs	simd.rs:192	1	0	0	1	so_coleta	coleta: via f32x4_unaria <- novo_f32x4 <- simd_novo <- novo_simd <- alocar <- alocar_bloco <- SEMENTE heap::alocar_bloco
dartforge_nativo_Float32x4_add	simd.rs:164	1	0	0	1	so_coleta	coleta: via f32x4_binaria <- novo_f32x4 <- simd_novo <- novo_simd <- alocar <- alocar_bloco <- SEMENTE heap::alocar_bloco
dartforge_nativo_Float32x4_clamp	simd.rs:213	1	0	0	1	so_coleta	coleta: via novo_f32x4 <- simd_novo <- novo_simd <- alocar <- alocar_bloco <- SEMENTE heap::alocar_bloco
dartforge_nativo_Float32x4_cmpequal	simd.rs:218	1	0	0	1	so_coleta	coleta: via f32x4_compara <- novo_i32x4 <- simd_novo <- novo_simd <- alocar <- alocar_bloco <- SEMENTE heap::alocar_bloco
dartforge_nativo_Float32x4_cmpgt	simd.rs:234	1	0	0	1	so_coleta	coleta: via f32x4_compara <- novo_i32x4 <- simd_novo <- novo_simd <- alocar <- alocar_bloco <- SEMENTE heap::alocar_bloco
dartforge_nativo_Float32x4_cmpgte	simd.rs:238	1	0	0	1	so_coleta	coleta: via f32x4_compara <- novo_i32x4 <- simd_novo <- novo_simd <- alocar <- alocar_bloco <- SEMENTE heap::alocar_bloco
dartforge_nativo_Float32x4_cmplt	simd.rs:226	1	0	0	1	so_coleta	coleta: via f32x4_compara <- novo_i32x4 <- simd_novo <- novo_simd <- alocar <- alocar_bloco <- SEMENTE heap::alocar_bloco
dartforge_nativo_Float32x4_cmplte	simd.rs:230	1	0	0	1	so_coleta	coleta: via f32x4_compara <- novo_i32x4 <- simd_novo <- novo_simd <- alocar <- alocar_bloco <- SEMENTE heap::alocar_bloco
dartforge_nativo_Float32x4_cmpnequal	simd.rs:222	1	0	0	1	so_coleta	coleta: via f32x4_compara <- novo_i32x4 <- simd_novo <- novo_simd <- alocar <- alocar_bloco <- SEMENTE heap::alocar_bloco
dartforge_nativo_Float32x4_div	simd.rs:176	1	0	0	1	so_coleta	coleta: via f32x4_binaria <- novo_f32x4 <- simd_novo <- novo_simd <- alocar <- alocar_bloco <- SEMENTE heap::alocar_bloco
dartforge_nativo_Float32x4_fromDoubles	simd.rs:128	1	0	0	1	so_coleta	coleta: via novo_f32x4 <- simd_novo <- novo_simd <- alocar <- alocar_bloco <- SEMENTE heap::alocar_bloco
dartforge_nativo_Float32x4_fromFloat64x2	simd.rs:145	1	0	0	1	so_coleta	coleta: via novo_f32x4 <- simd_novo <- novo_simd <- alocar <- alocar_bloco <- SEMENTE heap::alocar_bloco
dartforge_nativo_Float32x4_fromInt32x4Bits	simd.rs:140	1	0	0	1	so_coleta	coleta: via simd_novo <- novo_simd <- alocar <- alocar_bloco <- SEMENTE heap::alocar_bloco
dartforge_nativo_Float32x4_getSignMask	simd.rs:279	0	0	0	1	folha_pura	
dartforge_nativo_Float32x4_getW	simd.rs:254	0	0	0	1	folha_pura	
dartforge_nativo_Float32x4_getX	simd.rs:242	0	0	0	1	folha_pura	
dartforge_nativo_Float32x4_getY	simd.rs:246	0	0	0	1	folha_pura	
dartforge_nativo_Float32x4_getZ	simd.rs:250	0	0	0	1	folha_pura	
dartforge_nativo_Float32x4_max	simd.rs:184	1	0	0	1	so_coleta	coleta: via f32x4_binaria <- novo_f32x4 <- simd_novo <- novo_simd <- alocar <- alocar_bloco <- SEMENTE heap::alocar_bloco
dartforge_nativo_Float32x4_min	simd.rs:180	1	0	0	1	so_coleta	coleta: via f32x4_binaria <- novo_f32x4 <- simd_novo <- novo_simd <- alocar <- alocar_bloco <- SEMENTE heap::alocar_bloco
dartforge_nativo_Float32x4_mul	simd.rs:172	1	0	0	1	so_coleta	coleta: via f32x4_binaria <- novo_f32x4 <- simd_novo <- novo_simd <- alocar <- alocar_bloco <- SEMENTE heap::alocar_bloco
dartforge_nativo_Float32x4_negate	simd.rs:188	1	0	0	1	so_coleta	coleta: via f32x4_unaria <- novo_f32x4 <- simd_novo <- novo_simd <- alocar <- alocar_bloco <- SEMENTE heap::alocar_bloco
dartforge_nativo_Float32x4_reciprocal	simd.rs:200	1	0	0	1	so_coleta	coleta: via f32x4_unaria <- novo_f32x4 <- simd_novo <- novo_simd <- alocar <- alocar_bloco <- SEMENTE heap::alocar_bloco
dartforge_nativo_Float32x4_reciprocalSqrt	simd.rs:204	1	0	0	1	so_coleta	coleta: via f32x4_unaria <- novo_f32x4 <- simd_novo <- novo_simd <- alocar <- alocar_bloco <- SEMENTE heap::alocar_bloco
dartforge_nativo_Float32x4_scale	simd.rs:208	1	0	0	1	so_coleta	coleta: via f32x4_unaria <- novo_f32x4 <- simd_novo <- novo_simd <- alocar <- alocar_bloco <- SEMENTE heap::alocar_bloco
dartforge_nativo_Float32x4_setW	simd.rs:275	1	0	0	1	so_coleta	coleta: via f32x4_com <- novo_f32x4 <- simd_novo <- novo_simd <- alocar <- alocar_bloco <- SEMENTE heap::alocar_bloco
dartforge_nativo_Float32x4_setX	simd.rs:263	1	0	0	1	so_coleta	coleta: via f32x4_com <- novo_f32x4 <- simd_novo <- novo_simd <- alocar <- alocar_bloco <- SEMENTE heap::alocar_bloco
dartforge_nativo_Float32x4_setY	simd.rs:267	1	0	0	1	so_coleta	coleta: via f32x4_com <- novo_f32x4 <- simd_novo <- novo_simd <- alocar <- alocar_bloco <- SEMENTE heap::alocar_bloco
dartforge_nativo_Float32x4_setZ	simd.rs:271	1	0	0	1	so_coleta	coleta: via f32x4_com <- novo_f32x4 <- simd_novo <- novo_simd <- alocar <- alocar_bloco <- SEMENTE heap::alocar_bloco
dartforge_nativo_Float32x4_shuffle	simd.rs:283	1	1	sdk	1	roda_dart_sdk	coleta: via novo_f32x4 <- simd_novo <- novo_simd <- alocar <- alocar_bloco <- SEMENTE heap::alocar_bloco; lanca: via mascara_valida <- lancar_range <- dartforge_exception_throw <- definir_excecao <- SEMENTE definir_excecao; dart: via mascara_valida <- lancar_range <- dartforge_range_error_range <- SEMENTE[sdk] ajudante (funcao Dart registrada)
dartforge_nativo_Float32x4_shuffleMix	simd.rs:289	1	1	sdk	1	roda_dart_sdk	coleta: via novo_f32x4 <- simd_novo <- novo_simd <- alocar <- alocar_bloco <- SEMENTE heap::alocar_bloco; lanca: via mascara_valida <- lancar_range <- dartforge_exception_throw <- definir_excecao <- SEMENTE definir_excecao; dart: via mascara_valida <- lancar_range <- dartforge_range_error_range <- SEMENTE[sdk] ajudante (funcao Dart registrada)
dartforge_nativo_Float32x4_splat	simd.rs:132	1	0	0	1	so_coleta	coleta: via novo_f32x4 <- simd_novo <- novo_simd <- alocar <- alocar_bloco <- SEMENTE heap::alocar_bloco
dartforge_nativo_Float32x4_sqrt	simd.rs:196	1	0	0	1	so_coleta	coleta: via f32x4_unaria <- novo_f32x4 <- simd_novo <- novo_simd <- alocar <- alocar_bloco <- SEMENTE heap::alocar_bloco
dartforge_nativo_Float32x4_sub	simd.rs:168	1	0	0	1	so_coleta	coleta: via f32x4_binaria <- novo_f32x4 <- simd_novo <- novo_simd <- alocar <- alocar_bloco <- SEMENTE heap::alocar_bloco
dartforge_nativo_Float32x4_zero	simd.rs:136	1	0	0	1	so_coleta	coleta: via novo_f32x4 <- simd_novo <- novo_simd <- alocar <- alocar_bloco <- SEMENTE heap::alocar_bloco
dartforge_nativo_Float64x2_abs	simd.rs:488	1	0	0	1	so_coleta	coleta: via f64x2_unaria <- novo_f64x2 <- simd_novo <- novo_simd <- alocar <- alocar_bloco <- SEMENTE heap::alocar_bloco
dartforge_nativo_Float64x2_add	simd.rs:460	1	0	0	1	so_coleta	coleta: via f64x2_binaria <- novo_f64x2 <- simd_novo <- novo_simd <- alocar <- alocar_bloco <- SEMENTE heap::alocar_bloco
dartforge_nativo_Float64x2_clamp	simd.rs:500	1	0	0	1	so_coleta	coleta: via novo_f64x2 <- simd_novo <- novo_simd <- alocar <- alocar_bloco <- SEMENTE heap::alocar_bloco
dartforge_nativo_Float64x2_div	simd.rs:472	1	0	0	1	so_coleta	coleta: via f64x2_binaria <- novo_f64x2 <- simd_novo <- novo_simd <- alocar <- alocar_bloco <- SEMENTE heap::alocar_bloco
dartforge_nativo_Float64x2_fromDoubles	simd.rs:435	1	0	0	1	so_coleta	coleta: via novo_f64x2 <- simd_novo <- novo_simd <- alocar <- alocar_bloco <- SEMENTE heap::alocar_bloco
dartforge_nativo_Float64x2_fromFloat32x4	simd.rs:447	1	0	0	1	so_coleta	coleta: via novo_f64x2 <- simd_novo <- novo_simd <- alocar <- alocar_bloco <- SEMENTE heap::alocar_bloco
dartforge_nativo_Float64x2_getSignMask	simd.rs:521	0	0	0	1	folha_pura	
dartforge_nativo_Float64x2_getX	simd.rs:505	0	0	0	1	folha_pura	
dartforge_nativo_Float64x2_getY	simd.rs:509	0	0	0	1	folha_pura	
dartforge_nativo_Float64x2_max	simd.rs:480	1	0	0	1	so_coleta	coleta: via f64x2_binaria <- novo_f64x2 <- simd_novo <- novo_simd <- alocar <- alocar_bloco <- SEMENTE heap::alocar_bloco
dartforge_nativo_Float64x2_min	simd.rs:476	1	0	0	1	so_coleta	coleta: via f64x2_binaria <- novo_f64x2 <- simd_novo <- novo_simd <- alocar <- alocar_bloco <- SEMENTE heap::alocar_bloco
dartforge_nativo_Float64x2_mul	simd.rs:468	1	0	0	1	so_coleta	coleta: via f64x2_binaria <- novo_f64x2 <- simd_novo <- novo_simd <- alocar <- alocar_bloco <- SEMENTE heap::alocar_bloco
dartforge_nativo_Float64x2_negate	simd.rs:484	1	0	0	1	so_coleta	coleta: via f64x2_unaria <- novo_f64x2 <- simd_novo <- novo_simd <- alocar <- alocar_bloco <- SEMENTE heap::alocar_bloco
dartforge_nativo_Float64x2_scale	simd.rs:496	1	0	0	1	so_coleta	coleta: via f64x2_unaria <- novo_f64x2 <- simd_novo <- novo_simd <- alocar <- alocar_bloco <- SEMENTE heap::alocar_bloco
dartforge_nativo_Float64x2_setX	simd.rs:513	1	0	0	1	so_coleta	coleta: via novo_f64x2 <- simd_novo <- novo_simd <- alocar <- alocar_bloco <- SEMENTE heap::alocar_bloco
dartforge_nativo_Float64x2_setY	simd.rs:517	1	0	0	1	so_coleta	coleta: via novo_f64x2 <- simd_novo <- novo_simd <- alocar <- alocar_bloco <- SEMENTE heap::alocar_bloco
dartforge_nativo_Float64x2_splat	simd.rs:439	1	0	0	1	so_coleta	coleta: via novo_f64x2 <- simd_novo <- novo_simd <- alocar <- alocar_bloco <- SEMENTE heap::alocar_bloco
dartforge_nativo_Float64x2_sqrt	simd.rs:492	1	0	0	1	so_coleta	coleta: via f64x2_unaria <- novo_f64x2 <- simd_novo <- novo_simd <- alocar <- alocar_bloco <- SEMENTE heap::alocar_bloco
dartforge_nativo_Float64x2_sub	simd.rs:464	1	0	0	1	so_coleta	coleta: via f64x2_binaria <- novo_f64x2 <- simd_novo <- novo_simd <- alocar <- alocar_bloco <- SEMENTE heap::alocar_bloco
dartforge_nativo_Float64x2_zero	simd.rs:443	1	0	0	1	so_coleta	coleta: via novo_f64x2 <- simd_novo <- novo_simd <- alocar <- alocar_bloco <- SEMENTE heap::alocar_bloco
dartforge_nativo_Function_apply	closures.rs:171	1	1	usuario	1	roda_dart_usuario	coleta: via lista_get_ref <- como_ref <- caixa_int <- alocar <- alocar_bloco <- SEMENTE heap::alocar_bloco; lanca: via dartforge_nsm_chamada <- dartforge_exception_throw <- definir_excecao <- SEMENTE definir_excecao; dart: SEMENTE[usuario] ponteiro extern C fn (transmute/parametro)
dartforge_nativo_GrowableList_allocate	nativos_listas.rs:312	1	0	0	1	so_coleta	coleta: via alocar_instancia <- alocar_objeto <- alocar_bloco <- SEMENTE heap::alocar_bloco
dartforge_nativo_GrowableList_getCapacity	nativos_listas.rs:326	0	0	0	1	folha_pura	
dartforge_nativo_GrowableList_getLength	nativos_listas.rs:332	0	0	0	1	folha_pura	
dartforge_nativo_GrowableList_setData	nativos_listas.rs:356	1	0	0	1	so_coleta	coleta: via lista_ajustar_forma <- nova_lista <- alocar <- alocar_bloco <- SEMENTE heap::alocar_bloco
dartforge_nativo_GrowableList_setIndexed	nativos_listas.rs:414	1	1	sdk	1	roda_dart_sdk	coleta: via gravar_indice <- lista_set <- lista_gravar_no_armazenamento <- como_ref <- caixa_int <- alocar <- alocar_bloco <- SEMENTE heap::alocar_bloco; lanca: via gravar_indice <- fora_da_lista <- lancar_faixa <- dartforge_exception_throw <- definir_excecao <- SEMENTE definir_excecao; dart: via gravar_indice <- fora_da_lista <- lancar_faixa <- dartforge_range_error_range <- SEMENTE[sdk] ajudante (funcao Dart registrada)
dartforge_nativo_GrowableList_setLength	nativos_listas.rs:341	1	0	0	1	so_coleta	coleta: via lista_reservar <- nova_lista <- alocar <- alocar_bloco <- SEMENTE heap::alocar_bloco
dartforge_nativo_IOService_NewServicePort	io_servico.rs:300	1	1	sdk	1	roda_dart_sdk	dart: SEMENTE[sdk] ajudante (funcao Dart registrada)
dartforge_nativo_Identical_comparison	nucleo.rs:668	0	0	0	1	folha_pura	
dartforge_nativo_ImmutableList_from	nativos_listas.rs:302	1	0	0	1	so_coleta	coleta: via fatia_de_lista <- nova_lista <- alocar <- alocar_bloco <- SEMENTE heap::alocar_bloco
dartforge_nativo_Int32x4_add	simd.rs:327	1	0	0	1	so_coleta	coleta: via i32x4_binaria <- novo_i32x4 <- simd_novo <- novo_simd <- alocar <- alocar_bloco <- SEMENTE heap::alocar_bloco
dartforge_nativo_Int32x4_and	simd.rs:319	1	0	0	1	so_coleta	coleta: via i32x4_binaria <- novo_i32x4 <- simd_novo <- novo_simd <- alocar <- alocar_bloco <- SEMENTE heap::alocar_bloco
dartforge_nativo_Int32x4_fromBools	simd.rs:301	1	0	0	1	so_coleta	coleta: via novo_i32x4 <- simd_novo <- novo_simd <- alocar <- alocar_bloco <- SEMENTE heap::alocar_bloco
dartforge_nativo_Int32x4_fromFloat32x4Bits	simd.rs:306	1	0	0	1	so_coleta	coleta: via simd_novo <- novo_simd <- alocar <- alocar_bloco <- SEMENTE heap::alocar_bloco
dartforge_nativo_Int32x4_fromInts	simd.rs:297	1	0	0	1	so_coleta	coleta: via novo_i32x4 <- simd_novo <- novo_simd <- alocar <- alocar_bloco <- SEMENTE heap::alocar_bloco
dartforge_nativo_Int32x4_getFlagW	simd.rs:363	0	0	0	1	folha_pura	
dartforge_nativo_Int32x4_getFlagX	simd.rs:351	0	0	0	1	folha_pura	
dartforge_nativo_Int32x4_getFlagY	simd.rs:355	0	0	0	1	folha_pura	
dartforge_nativo_Int32x4_getFlagZ	simd.rs:359	0	0	0	1	folha_pura	
dartforge_nativo_Int32x4_getSignMask	simd.rs:407	0	0	0	1	folha_pura	
dartforge_nativo_Int32x4_getW	simd.rs:347	0	0	0	1	folha_pura	
dartforge_nativo_Int32x4_getX	simd.rs:335	0	0	0	1	folha_pura	
dartforge_nativo_Int32x4_getY	simd.rs:339	0	0	0	1	folha_pura	
dartforge_nativo_Int32x4_getZ	simd.rs:343	0	0	0	1	folha_pura	
dartforge_nativo_Int32x4_or	simd.rs:315	1	0	0	1	so_coleta	coleta: via i32x4_binaria <- novo_i32x4 <- simd_novo <- novo_simd <- alocar <- alocar_bloco <- SEMENTE heap::alocar_bloco
dartforge_nativo_Int32x4_select	simd.rs:424	1	0	0	1	so_coleta	coleta: via novo_f32x4 <- simd_novo <- novo_simd <- alocar <- alocar_bloco <- SEMENTE heap::alocar_bloco
dartforge_nativo_Int32x4_setFlagW	simd.rs:403	1	0	0	1	so_coleta	coleta: via i32x4_com <- novo_i32x4 <- simd_novo <- novo_simd <- alocar <- alocar_bloco <- SEMENTE heap::alocar_bloco
dartforge_nativo_Int32x4_setFlagX	simd.rs:391	1	0	0	1	so_coleta	coleta: via i32x4_com <- novo_i32x4 <- simd_novo <- novo_simd <- alocar <- alocar_bloco <- SEMENTE heap::alocar_bloco
dartforge_nativo_Int32x4_setFlagY	simd.rs:395	1	0	0	1	so_coleta	coleta: via i32x4_com <- novo_i32x4 <- simd_novo <- novo_simd <- alocar <- alocar_bloco <- SEMENTE heap::alocar_bloco
dartforge_nativo_Int32x4_setFlagZ	simd.rs:399	1	0	0	1	so_coleta	coleta: via i32x4_com <- novo_i32x4 <- simd_novo <- novo_simd <- alocar <- alocar_bloco <- SEMENTE heap::alocar_bloco
dartforge_nativo_Int32x4_setW	simd.rs:384	1	0	0	1	so_coleta	coleta: via i32x4_com <- novo_i32x4 <- simd_novo <- novo_simd <- alocar <- alocar_bloco <- SEMENTE heap::alocar_bloco
dartforge_nativo_Int32x4_setX	simd.rs:372	1	0	0	1	so_coleta	coleta: via i32x4_com <- novo_i32x4 <- simd_novo <- novo_simd <- alocar <- alocar_bloco <- SEMENTE heap::alocar_bloco
dartforge_nativo_Int32x4_setY	simd.rs:376	1	0	0	1	so_coleta	coleta: via i32x4_com <- novo_i32x4 <- simd_novo <- novo_simd <- alocar <- alocar_bloco <- SEMENTE heap::alocar_bloco
dartforge_nativo_Int32x4_setZ	simd.rs:380	1	0	0	1	so_coleta	coleta: via i32x4_com <- novo_i32x4 <- simd_novo <- novo_simd <- alocar <- alocar_bloco <- SEMENTE heap::alocar_bloco
dartforge_nativo_Int32x4_shuffle	simd.rs:411	1	1	sdk	1	roda_dart_sdk	coleta: via novo_i32x4 <- simd_novo <- novo_simd <- alocar <- alocar_bloco <- SEMENTE heap::alocar_bloco; lanca: via mascara_valida <- lancar_range <- dartforge_exception_throw <- definir_excecao <- SEMENTE definir_excecao; dart: via mascara_valida <- lancar_range <- dartforge_range_error_range <- SEMENTE[sdk] ajudante (funcao Dart registrada)
dartforge_nativo_Int32x4_shuffleMix	simd.rs:417	1	1	sdk	1	roda_dart_sdk	coleta: via novo_i32x4 <- simd_novo <- novo_simd <- alocar <- alocar_bloco <- SEMENTE heap::alocar_bloco; lanca: via mascara_valida <- lancar_range <- dartforge_exception_throw <- definir_excecao <- SEMENTE definir_excecao; dart: via mascara_valida <- lancar_range <- dartforge_range_error_range <- SEMENTE[sdk] ajudante (funcao Dart registrada)
dartforge_nativo_Int32x4_sub	simd.rs:331	1	0	0	1	so_coleta	coleta: via i32x4_binaria <- novo_i32x4 <- simd_novo <- novo_simd <- alocar <- alocar_bloco <- SEMENTE heap::alocar_bloco
dartforge_nativo_Int32x4_xor	simd.rs:323	1	0	0	1	so_coleta	coleta: via i32x4_binaria <- novo_i32x4 <- simd_novo <- novo_simd <- alocar <- alocar_bloco <- SEMENTE heap::alocar_bloco
dartforge_nativo_Integer_addFromInteger	nativos_numeros.rs:18	0	0	0	1	folha_pura	
dartforge_nativo_Integer_bitAndFromInteger	nativos_numeros.rs:70	0	0	0	1	folha_pura	
dartforge_nativo_Integer_bitOrFromInteger	nativos_numeros.rs:76	0	0	0	1	folha_pura	
dartforge_nativo_Integer_bitXorFromInteger	nativos_numeros.rs:82	0	0	0	1	folha_pura	
dartforge_nativo_Integer_equalToInteger	nativos_numeros.rs:129	0	0	0	1	folha_pura	
dartforge_nativo_Integer_greaterThanFromInteger	nativos_numeros.rs:123	0	0	0	1	folha_pura	
dartforge_nativo_Integer_moduloFromInteger	nativos_numeros.rs:48	0	0	0	1	folha_pura	
dartforge_nativo_Integer_mulFromInteger	nativos_numeros.rs:30	0	0	0	1	folha_pura	
dartforge_nativo_Integer_shlFromInteger	nativos_numeros.rs:105	1	1	0	1	coleta+lanca	coleta: via deslocar <- dartforge_argument_error_value <- alocar_erro_com_rastro <- novo_objeto <- alocar_objeto <- alocar_bloco <- SEMENTE heap::alocar_bloco; lanca: via deslocar <- dartforge_exception_throw <- definir_excecao <- SEMENTE definir_excecao
dartforge_nativo_Integer_shrFromInteger	nativos_numeros.rs:111	1	1	0	1	coleta+lanca	coleta: via deslocar <- dartforge_argument_error_value <- alocar_erro_com_rastro <- novo_objeto <- alocar_objeto <- alocar_bloco <- SEMENTE heap::alocar_bloco; lanca: via deslocar <- dartforge_exception_throw <- definir_excecao <- SEMENTE definir_excecao
dartforge_nativo_Integer_subFromInteger	nativos_numeros.rs:24	0	0	0	1	folha_pura	
dartforge_nativo_Integer_truncDivFromInteger	nativos_numeros.rs:37	0	0	0	1	folha_pura	
dartforge_nativo_Integer_ushrFromInteger	nativos_numeros.rs:117	1	1	0	1	coleta+lanca	coleta: via deslocar <- dartforge_argument_error_value <- alocar_erro_com_rastro <- novo_objeto <- alocar_objeto <- alocar_bloco <- SEMENTE heap::alocar_bloco; lanca: via deslocar <- dartforge_exception_throw <- definir_excecao <- SEMENTE definir_excecao
dartforge_nativo_Internal_allocateOneByteString	nativos_strings.rs:114	1	0	0	1	so_coleta	coleta: via dartforge_texto_novo <- novo_texto <- alocar <- alocar_bloco <- SEMENTE heap::alocar_bloco
dartforge_nativo_Internal_allocateTwoByteString	nativos_strings.rs:122	1	0	0	1	so_coleta	coleta: via dartforge_texto_novo <- novo_texto <- alocar <- alocar_bloco <- SEMENTE heap::alocar_bloco
dartforge_nativo_Internal_makeFixedListUnmodifiable	nativos_listas.rs:433	1	0	0	1	so_coleta	coleta: via lista_imutavel_de <- lista_copia <- nova_lista <- alocar <- alocar_bloco <- SEMENTE heap::alocar_bloco
dartforge_nativo_Internal_makeListFixedLength	nativos_listas.rs:422	1	0	0	1	so_coleta	coleta: via lista_fixa_de <- lista_copia <- nova_lista <- alocar <- alocar_bloco <- SEMENTE heap::alocar_bloco
dartforge_nativo_Internal_writeIntoOneByteString	nativos_strings.rs:129	0	0	0	1	folha_pura	
dartforge_nativo_Internal_writeIntoTwoByteString	nativos_strings.rs:135	0	0	0	1	folha_pura	
dartforge_nativo_InternetAddress_Parse	io_soquetes.rs:615	1	0	0	1	so_coleta	coleta: via dart_bytes <- dart_tipada_de_bytes <- nova_tipada <- alocar <- alocar_bloco <- SEMENTE heap::alocar_bloco
dartforge_nativo_InternetAddress_ParseScopedLinkLocalAddress	io_soquetes.rs:633	1	1	sdk	1	roda_dart_sdk	coleta: via dart_int <- caixa_int <- alocar <- alocar_bloco <- SEMENTE heap::alocar_bloco; dart: via para_dart <- SEMENTE[sdk] ajudante (funcao Dart registrada)
dartforge_nativo_InternetAddress_RawAddrToString	io_soquetes.rs:622	1	1	sdk	1	roda_dart_sdk	coleta: via lancar_endereco_invalido <- dartforge_argument_error_new <- alocar_erro_com_rastro <- novo_objeto <- alocar_objeto <- alocar_bloco <- SEMENTE heap::alocar_bloco; lanca: via lancar_endereco_invalido <- dartforge_exception_throw <- definir_excecao <- SEMENTE definir_excecao; dart: via lancar_endereco_invalido <- dartforge_argument_error_new <- SEMENTE[sdk] ajudante (funcao Dart registrada)
dartforge_nativo_Isolate_exit_	isolados.rs:578	1	1	sdk	1	roda_dart_sdk	coleta: via lancar_erro_de_argumento <- dartforge_argument_error_new <- alocar_erro_com_rastro <- novo_objeto <- alocar_objeto <- alocar_bloco <- SEMENTE heap::alocar_bloco; lanca: via comecar_desenrolar <- definir_excecao <- SEMENTE definir_excecao; dart: via lancar_erro_de_argumento <- dartforge_argument_error_new <- SEMENTE[sdk] ajudante (funcao Dart registrada)
dartforge_nativo_Isolate_getCurrentRootUriStr	isolados.rs:538	1	0	0	1	so_coleta	coleta: via alocar_str <- alocar_texto <- novo_texto <- alocar <- alocar_bloco <- SEMENTE heap::alocar_bloco
dartforge_nativo_Isolate_getDebugName	isolados.rs:529	1	0	0	1	so_coleta	coleta: via alocar_str <- alocar_texto <- novo_texto <- alocar <- alocar_bloco <- SEMENTE heap::alocar_bloco
dartforge_nativo_Isolate_getPortAndCapabilitiesOfCurrentIsolate	isolados.rs:519	1	1	sdk	1	roda_dart_sdk	dart: SEMENTE[sdk] ajudante_de_isolado (funcao Dart registrada)
dartforge_nativo_Isolate_sendOOB	isolados.rs:566	1	1	sdk	1	roda_dart_sdk	coleta: via lancar_erro_de_argumento <- dartforge_argument_error_new <- alocar_erro_com_rastro <- novo_objeto <- alocar_objeto <- alocar_bloco <- SEMENTE heap::alocar_bloco; lanca: via lancar_erro_de_argumento <- dartforge_exception_throw <- definir_excecao <- SEMENTE definir_excecao; dart: via lancar_erro_de_argumento <- dartforge_argument_error_new <- SEMENTE[sdk] ajudante (funcao Dart registrada)
dartforge_nativo_Isolate_spawnFunction	isolados.rs:437	1	1	usuario	1	roda_dart_usuario	coleta: via rodar_isolado <- materializar <- alocar_no <- alocar <- alocar_bloco <- SEMENTE heap::alocar_bloco; lanca: via lancar_erro_interno <- dartforge_exception_throw <- definir_excecao <- SEMENTE definir_excecao; dart: via rodar_isolado <- SEMENTE[usuario] ajudante_de_isolado (funcao Dart registrada)
dartforge_nativo_Isolate_spawnUri	isolados.rs:489	0	0	0	1	folha_pura	
dartforge_nativo_List_allocate	nativos_listas.rs:238	1	0	0	1	so_coleta	coleta: via nova_lista <- alocar <- alocar_bloco <- SEMENTE heap::alocar_bloco
dartforge_nativo_List_getLength	nativos_listas.rs:247	0	0	0	1	folha_pura	
dartforge_nativo_List_setIndexed	nativos_listas.rs:253	1	1	sdk	1	roda_dart_sdk	coleta: via gravar_indice <- lista_set <- lista_gravar_no_armazenamento <- como_ref <- caixa_int <- alocar <- alocar_bloco <- SEMENTE heap::alocar_bloco; lanca: via gravar_indice <- fora_da_lista <- lancar_faixa <- dartforge_exception_throw <- definir_excecao <- SEMENTE definir_excecao; dart: via gravar_indice <- fora_da_lista <- lancar_faixa <- dartforge_range_error_range <- SEMENTE[sdk] ajudante (funcao Dart registrada)
dartforge_nativo_List_slice	nativos_listas.rs:294	1	0	0	1	so_coleta	coleta: via fatia_de_lista <- nova_lista <- alocar <- alocar_bloco <- SEMENTE heap::alocar_bloco
dartforge_nativo_Mint_bitLength	nativos_numeros.rs:157	0	0	0	1	folha_pura	
dartforge_nativo_Mint_bitNegate	nativos_numeros.rs:140	0	0	0	1	folha_pura	
dartforge_nativo_Namespace_Create	io_arquivos.rs:1465	0	0	0	1	folha_pura	
dartforge_nativo_Namespace_GetDefault	io_arquivos.rs:1475	0	0	0	1	folha_pura	
dartforge_nativo_Namespace_GetPointer	io_arquivos.rs:1470	0	0	0	1	folha_pura	
dartforge_nativo_NoSuchMethodError_existingMethodSignature	excecoes.rs:519	0	0	0	1	folha_pura	
dartforge_nativo_OSError_inProgressErrorCode	io_soquetes.rs:383	0	0	0	1	folha_pura	
dartforge_nativo_Object_equals	nativos_sistema.rs:255	0	0	0	1	folha_pura	
dartforge_nativo_Object_getHash	nucleo.rs:760	0	0	0	1	folha_pura	
dartforge_nativo_Object_haveSameRuntimeType	nativos_sistema.rs:290	0	0	0	1	folha_pura	
dartforge_nativo_Object_runtimeType	nativos_sistema.rs:297	1	0	0	1	so_coleta	coleta: via dartforge_rti_objeto_tipo <- novo_objeto <- alocar_objeto <- alocar_bloco <- SEMENTE heap::alocar_bloco
dartforge_nativo_Object_toString	nativos_sistema.rs:261	1	0	0	1	so_coleta	coleta: via dartforge_nativo_Double_toString <- alocar_texto <- novo_texto <- alocar <- alocar_bloco <- SEMENTE heap::alocar_bloco
dartforge_nativo_OneByteString_allocateFromOneByteList	nativos_strings.rs:314	1	0	0	1	so_coleta	coleta: via alocar_texto <- novo_texto <- alocar <- alocar_bloco <- SEMENTE heap::alocar_bloco
dartforge_nativo_OneByteString_substringUnchecked	nativos_strings.rs:105	1	0	0	1	so_coleta	coleta: via dartforge_nativo_StringBase_substringUnchecked <- fatia_de_texto <- novo_texto <- alocar <- alocar_bloco <- SEMENTE heap::alocar_bloco
dartforge_nativo_Platform_Environment	io_plataforma.rs:472	1	0	0	1	so_coleta	coleta: via dart_lista_de_textos <- dart_lista_fixa <- nova_lista <- alocar <- alocar_bloco <- SEMENTE heap::alocar_bloco
dartforge_nativo_Platform_ExecutableArguments	io_plataforma.rs:479	1	0	0	1	so_coleta	coleta: via dart_lista_de_textos <- dart_lista_fixa <- nova_lista <- alocar <- alocar_bloco <- SEMENTE heap::alocar_bloco
dartforge_nativo_Platform_ExecutableName	io_plataforma.rs:447	1	0	0	1	so_coleta	coleta: via dart_texto_de_bytes <- alocar_str <- alocar_str <- alocar_texto <- novo_texto <- alocar <- alocar_bloco <- SEMENTE heap::alocar_bloco
dartforge_nativo_Platform_GetVersion	io_plataforma.rs:560	1	0	0	1	so_coleta	coleta: via alocar_str <- alocar_str <- alocar_texto <- novo_texto <- alocar <- alocar_bloco <- SEMENTE heap::alocar_bloco
dartforge_nativo_Platform_LocalHostname	io_plataforma.rs:441	1	1	sdk	1	roda_dart_sdk	coleta: via alocar_str <- alocar_str <- alocar_texto <- novo_texto <- alocar <- alocar_bloco <- SEMENTE heap::alocar_bloco; dart: via dart_ou_erro <- para_dart <- SEMENTE[sdk] ajudante (funcao Dart registrada)
dartforge_nativo_Platform_LocaleName	io_plataforma.rs:580	1	1	sdk	1	roda_dart_sdk	coleta: via alocar_str <- alocar_str <- alocar_texto <- novo_texto <- alocar <- alocar_bloco <- SEMENTE heap::alocar_bloco; dart: via dart_ou_erro <- para_dart <- SEMENTE[sdk] ajudante (funcao Dart registrada)
dartforge_nativo_Platform_NumberOfProcessors	io_plataforma.rs:421	0	0	0	1	folha_pura	
dartforge_nativo_Platform_OperatingSystem	io_plataforma.rs:431	1	0	0	1	so_coleta	coleta: via alocar_str <- alocar_str <- alocar_texto <- novo_texto <- alocar <- alocar_bloco <- SEMENTE heap::alocar_bloco
dartforge_nativo_Platform_OperatingSystemVersion	io_plataforma.rs:436	1	1	sdk	1	roda_dart_sdk	coleta: via alocar_str <- alocar_str <- alocar_texto <- novo_texto <- alocar <- alocar_bloco <- SEMENTE heap::alocar_bloco; dart: via dart_ou_erro <- para_dart <- SEMENTE[sdk] ajudante (funcao Dart registrada)
dartforge_nativo_Platform_PathSeparator	io_plataforma.rs:426	1	0	0	1	so_coleta	coleta: via alocar_str <- alocar_str <- alocar_texto <- novo_texto <- alocar <- alocar_bloco <- SEMENTE heap::alocar_bloco
dartforge_nativo_Platform_ResolvedExecutableName	io_plataforma.rs:457	1	0	0	1	so_coleta	coleta: via dart_texto_de_bytes <- alocar_str <- alocar_str <- alocar_texto <- novo_texto <- alocar <- alocar_bloco <- SEMENTE heap::alocar_bloco
dartforge_nativo_ProcessInfo_CurrentRSS	io_processos.rs:1026	1	1	sdk	1	roda_dart_sdk	coleta: via dart_int <- caixa_int <- alocar <- alocar_bloco <- SEMENTE heap::alocar_bloco; dart: via dart_ou_erro <- para_dart <- SEMENTE[sdk] ajudante (funcao Dart registrada)
dartforge_nativo_ProcessInfo_MaxRSS	io_processos.rs:1031	1	1	sdk	1	roda_dart_sdk	coleta: via dart_int <- caixa_int <- alocar <- alocar_bloco <- SEMENTE heap::alocar_bloco; dart: via dart_ou_erro <- para_dart <- SEMENTE[sdk] ajudante (funcao Dart registrada)
dartforge_nativo_Process_ClearSignalHandler	io_processos.rs:929	0	0	0	1	folha_pura	
dartforge_nativo_Process_Exit	io_plataforma.rs:872	0	0	0	1	folha_pura	
dartforge_nativo_Process_GetExitCode	io_plataforma.rs:885	0	0	0	1	folha_pura	
dartforge_nativo_Process_KillPid	io_processos.rs:717	0	0	0	1	folha_pura	
dartforge_nativo_Process_Pid	io_plataforma.rs:896	0	0	0	1	folha_pura	
dartforge_nativo_Process_SetExitCode	io_plataforma.rs:880	0	0	0	1	folha_pura	
dartforge_nativo_Process_SetSignalHandler	io_processos.rs:924	1	1	sdk	1	roda_dart_sdk	coleta: via dart_int <- caixa_int <- alocar <- alocar_bloco <- SEMENTE heap::alocar_bloco; dart: via dart_ou_erro <- para_dart <- SEMENTE[sdk] ajudante (funcao Dart registrada)
dartforge_nativo_Process_Sleep	io_plataforma.rs:890	0	0	0	1	folha_pura	
dartforge_nativo_Process_Start	io_processos.rs:546	1	1	sdk	1	roda_dart_sdk	coleta: via falha_ao_iniciar <- alocar_str <- alocar_str <- alocar_texto <- novo_texto <- alocar <- alocar_bloco <- SEMENTE heap::alocar_bloco; dart: via falha_ao_iniciar <- SEMENTE[sdk] ajudante (funcao Dart registrada)
dartforge_nativo_Process_Wait	io_processos.rs:665	1	1	sdk	1	roda_dart_sdk	coleta: via dart_int <- caixa_int <- alocar <- alocar_bloco <- SEMENTE heap::alocar_bloco; lanca: via lancar_os_error <- dartforge_exception_throw <- definir_excecao <- SEMENTE definir_excecao; dart: via lancar_os_error <- para_dart <- SEMENTE[sdk] ajudante (funcao Dart registrada)
dartforge_nativo_Random_initialSeed	nativos_sistema.rs:230	0	0	0	1	folha_pura	
dartforge_nativo_RawSocketOption_GetOptionValue	io_soquetes.rs:523	1	1	sdk	1	roda_dart_sdk	coleta: via lancar_erro_de_argumento <- dartforge_argument_error_new <- alocar_erro_com_rastro <- novo_objeto <- alocar_objeto <- alocar_bloco <- SEMENTE heap::alocar_bloco; lanca: via lancar_erro_de_argumento <- dartforge_exception_throw <- definir_excecao <- SEMENTE definir_excecao; dart: via lancar_erro_de_argumento <- dartforge_argument_error_new <- SEMENTE[sdk] ajudante (funcao Dart registrada)
dartforge_nativo_ResourceHandleImpl_toFile	io_soquetes.rs:1054	1	1	sdk	1	roda_dart_sdk	coleta: via lancar_sem_recursos <- dartforge_unsupported_error_new <- alocar_erro_com_rastro <- novo_objeto <- alocar_objeto <- alocar_bloco <- SEMENTE heap::alocar_bloco; lanca: via lancar_sem_recursos <- dartforge_exception_throw <- definir_excecao <- SEMENTE definir_excecao; dart: SEMENTE[sdk] ajudante_de_io (funcao Dart registrada)
dartforge_nativo_ResourceHandleImpl_toRawDatagramSocket	io_soquetes.rs:1118	1	1	sdk	1	roda_dart_sdk	coleta: via lancar_recurso_nao_suportado <- dartforge_unsupported_error_new <- alocar_erro_com_rastro <- novo_objeto <- alocar_objeto <- alocar_bloco <- SEMENTE heap::alocar_bloco; lanca: via lancar_recurso_nao_suportado <- dartforge_exception_throw <- definir_excecao <- SEMENTE definir_excecao; dart: via lancar_recurso_nao_suportado <- dartforge_unsupported_error_new <- SEMENTE[sdk] ajudante (funcao Dart registrada)
dartforge_nativo_ResourceHandleImpl_toRawSocket	io_soquetes.rs:1073	1	1	sdk	1	roda_dart_sdk	coleta: via dart_int <- caixa_int <- alocar <- alocar_bloco <- SEMENTE heap::alocar_bloco; lanca: via lancar_os_error <- dartforge_exception_throw <- definir_excecao <- SEMENTE definir_excecao; dart: SEMENTE[sdk] ajudante_de_io (funcao Dart registrada)
dartforge_nativo_ResourceHandleImpl_toSocket	io_soquetes.rs:1112	1	1	sdk	1	roda_dart_sdk	coleta: via lancar_recurso_nao_suportado <- dartforge_unsupported_error_new <- alocar_erro_com_rastro <- novo_objeto <- alocar_objeto <- alocar_bloco <- SEMENTE heap::alocar_bloco; lanca: via lancar_recurso_nao_suportado <- dartforge_exception_throw <- definir_excecao <- SEMENTE definir_excecao; dart: via lancar_recurso_nao_suportado <- dartforge_unsupported_error_new <- SEMENTE[sdk] ajudante (funcao Dart registrada)
dartforge_nativo_SecureRandom_getBytes	nativos_sistema.rs:236	0	0	0	1	folha_pura	
dartforge_nativo_SendPort_get_id	nativos_desenvolvedor.rs:118	0	0	0	1	folha_pura	
dartforge_nativo_ServerSocket_Accept	io_soquetes.rs:226	1	1	0	1	coleta+lanca	coleta: via soquete_do_objeto <- lancar_erro_interno <- dartforge_exception_throw <- dartforge_stack_trace_get <- alocar_stack_trace <- novo_objeto <- alocar_objeto <- alocar_bloco <- SEMENTE heap::alocar_bloco; lanca: via soquete_do_objeto <- lancar_erro_interno <- dartforge_exception_throw <- definir_excecao <- SEMENTE definir_excecao
dartforge_nativo_ServerSocket_CreateBindListen	io_soquetes.rs:115	1	1	sdk	1	roda_dart_sdk	coleta: via lancar_endereco_invalido <- dartforge_argument_error_new <- alocar_erro_com_rastro <- novo_objeto <- alocar_objeto <- alocar_bloco <- SEMENTE heap::alocar_bloco; lanca: via lancar_endereco_invalido <- dartforge_exception_throw <- definir_excecao <- SEMENTE definir_excecao; dart: via para_dart <- SEMENTE[sdk] ajudante (funcao Dart registrada)
dartforge_nativo_ServerSocket_CreateUnixDomainBindListen	io_soquetes.rs:180	1	1	sdk	1	roda_dart_sdk	coleta: via para_dart <- alocar_str <- alocar_str <- alocar_texto <- novo_texto <- alocar <- alocar_bloco <- SEMENTE heap::alocar_bloco; dart: via para_dart <- SEMENTE[sdk] ajudante (funcao Dart registrada)
dartforge_nativo_Smi_bitLength	nativos_numeros.rs:152	0	0	0	1	folha_pura	
dartforge_nativo_Smi_bitNegate	nativos_numeros.rs:135	0	0	0	1	folha_pura	
dartforge_nativo_SocketBase_IsBindError	io_soquetes.rs:377	0	0	0	1	folha_pura	
dartforge_nativo_SocketControlMessageImpl_extractHandles	io_soquetes.rs:962	1	1	sdk	1	roda_dart_sdk	coleta: via lancar_sem_recursos <- dartforge_unsupported_error_new <- alocar_erro_com_rastro <- novo_objeto <- alocar_objeto <- alocar_bloco <- SEMENTE heap::alocar_bloco; lanca: via lancar_sem_recursos <- dartforge_exception_throw <- definir_excecao <- SEMENTE definir_excecao; dart: SEMENTE[sdk] ajudante_de_io (funcao Dart registrada)
dartforge_nativo_SocketControlMessage_fromHandles	io_soquetes.rs:944	1	1	sdk	1	roda_dart_sdk	coleta: via lancar_sem_recursos <- dartforge_unsupported_error_new <- alocar_erro_com_rastro <- novo_objeto <- alocar_objeto <- alocar_bloco <- SEMENTE heap::alocar_bloco; lanca: via lancar_sem_recursos <- dartforge_exception_throw <- definir_excecao <- SEMENTE definir_excecao; dart: SEMENTE[sdk] ajudante_de_io (funcao Dart registrada)
dartforge_nativo_Socket_Available	io_soquetes.rs:238	1	1	0	1	coleta+lanca	coleta: via soquete_do_objeto <- lancar_erro_interno <- dartforge_exception_throw <- dartforge_stack_trace_get <- alocar_stack_trace <- novo_objeto <- alocar_objeto <- alocar_bloco <- SEMENTE heap::alocar_bloco; lanca: via soquete_do_objeto <- lancar_erro_interno <- dartforge_exception_throw <- definir_excecao <- SEMENTE definir_excecao
dartforge_nativo_Socket_AvailableDatagram	io_soquetes.rs:555	1	1	0	1	coleta+lanca	coleta: via soquete_do_objeto <- lancar_erro_interno <- dartforge_exception_throw <- dartforge_stack_trace_get <- alocar_stack_trace <- novo_objeto <- alocar_objeto <- alocar_bloco <- SEMENTE heap::alocar_bloco; lanca: via soquete_do_objeto <- lancar_erro_interno <- dartforge_exception_throw <- definir_excecao <- SEMENTE definir_excecao
dartforge_nativo_Socket_CreateBindConnect	io_soquetes.rs:89	1	1	sdk	1	roda_dart_sdk	coleta: via lancar_endereco_invalido <- dartforge_argument_error_new <- alocar_erro_com_rastro <- novo_objeto <- alocar_objeto <- alocar_bloco <- SEMENTE heap::alocar_bloco; lanca: via lancar_endereco_invalido <- dartforge_exception_throw <- definir_excecao <- SEMENTE definir_excecao; dart: via lancar_endereco_invalido <- dartforge_argument_error_new <- SEMENTE[sdk] ajudante (funcao Dart registrada)
dartforge_nativo_Socket_CreateBindDatagram	io_soquetes.rs:545	1	1	sdk	1	roda_dart_sdk	coleta: via lancar_endereco_invalido <- dartforge_argument_error_new <- alocar_erro_com_rastro <- novo_objeto <- alocar_objeto <- alocar_bloco <- SEMENTE heap::alocar_bloco; lanca: via lancar_endereco_invalido <- dartforge_exception_throw <- definir_excecao <- SEMENTE definir_excecao; dart: via lancar_endereco_invalido <- dartforge_argument_error_new <- SEMENTE[sdk] ajudante (funcao Dart registrada)
dartforge_nativo_Socket_CreateConnect	io_soquetes.rs:80	1	1	sdk	1	roda_dart_sdk	coleta: via lancar_endereco_invalido <- dartforge_argument_error_new <- alocar_erro_com_rastro <- novo_objeto <- alocar_objeto <- alocar_bloco <- SEMENTE heap::alocar_bloco; lanca: via lancar_endereco_invalido <- dartforge_exception_throw <- definir_excecao <- SEMENTE definir_excecao; dart: via lancar_endereco_invalido <- dartforge_argument_error_new <- SEMENTE[sdk] ajudante (funcao Dart registrada)
dartforge_nativo_Socket_CreateUnixDomainBindConnect	io_soquetes.rs:104	1	1	sdk	1	roda_dart_sdk	coleta: via soquete_criado <- para_dart <- alocar_str <- alocar_str <- alocar_texto <- novo_texto <- alocar <- alocar_bloco <- SEMENTE heap::alocar_bloco; dart: via soquete_criado <- para_dart <- SEMENTE[sdk] ajudante (funcao Dart registrada)
dartforge_nativo_Socket_CreateUnixDomainConnect	io_soquetes.rs:98	1	1	sdk	1	roda_dart_sdk	coleta: via soquete_criado <- para_dart <- alocar_str <- alocar_str <- alocar_texto <- novo_texto <- alocar <- alocar_bloco <- SEMENTE heap::alocar_bloco; dart: via soquete_criado <- para_dart <- SEMENTE[sdk] ajudante (funcao Dart registrada)
dartforge_nativo_Socket_Fatal	io_soquetes.rs:535	0	0	0	1	folha_pura	
dartforge_nativo_Socket_GetError	io_soquetes.rs:327	1	1	sdk	1	roda_dart_sdk	coleta: via para_dart <- alocar_str <- alocar_str <- alocar_texto <- novo_texto <- alocar <- alocar_bloco <- SEMENTE heap::alocar_bloco; lanca: via soquete_do_objeto <- lancar_erro_interno <- dartforge_exception_throw <- definir_excecao <- SEMENTE definir_excecao; dart: via para_dart <- SEMENTE[sdk] ajudante (funcao Dart registrada)
dartforge_nativo_Socket_GetFD	io_soquetes.rs:334	1	1	0	1	coleta+lanca	coleta: via soquete_do_objeto <- lancar_erro_interno <- dartforge_exception_throw <- dartforge_stack_trace_get <- alocar_stack_trace <- novo_objeto <- alocar_objeto <- alocar_bloco <- SEMENTE heap::alocar_bloco; lanca: via soquete_do_objeto <- lancar_erro_interno <- dartforge_exception_throw <- definir_excecao <- SEMENTE definir_excecao
dartforge_nativo_Socket_GetOption	io_soquetes.rs:390	1	1	sdk	1	roda_dart_sdk	coleta: via dart_int <- caixa_int <- alocar <- alocar_bloco <- SEMENTE heap::alocar_bloco; lanca: via lancar_os_error <- dartforge_exception_throw <- definir_excecao <- SEMENTE definir_excecao; dart: via lancar_os_error <- para_dart <- SEMENTE[sdk] ajudante (funcao Dart registrada)
dartforge_nativo_Socket_GetPort	io_soquetes.rs:290	1	1	sdk	1	roda_dart_sdk	coleta: via dart_int <- caixa_int <- alocar <- alocar_bloco <- SEMENTE heap::alocar_bloco; lanca: via soquete_do_objeto <- lancar_erro_interno <- dartforge_exception_throw <- definir_excecao <- SEMENTE definir_excecao; dart: via para_dart <- SEMENTE[sdk] ajudante (funcao Dart registrada)
dartforge_nativo_Socket_GetRawOption	io_soquetes.rs:511	1	1	sdk	1	roda_dart_sdk	coleta: via lancar_os_error <- dartforge_exception_throw <- dartforge_stack_trace_get <- alocar_stack_trace <- novo_objeto <- alocar_objeto <- alocar_bloco <- SEMENTE heap::alocar_bloco; lanca: via lancar_os_error <- dartforge_exception_throw <- definir_excecao <- SEMENTE definir_excecao; dart: via lancar_os_error <- para_dart <- SEMENTE[sdk] ajudante (funcao Dart registrada)
dartforge_nativo_Socket_GetRemotePeer	io_soquetes.rs:302	1	1	sdk	1	roda_dart_sdk	coleta: via dart_int <- caixa_int <- alocar <- alocar_bloco <- SEMENTE heap::alocar_bloco; lanca: via lancar_os_error <- dartforge_exception_throw <- definir_excecao <- SEMENTE definir_excecao; dart: via lancar_os_error <- para_dart <- SEMENTE[sdk] ajudante (funcao Dart registrada)
dartforge_nativo_Socket_GetSocketId	io_soquetes.rs:358	1	1	0	1	coleta+lanca	coleta: via lancar_erro_interno <- dartforge_exception_throw <- dartforge_stack_trace_get <- alocar_stack_trace <- novo_objeto <- alocar_objeto <- alocar_bloco <- SEMENTE heap::alocar_bloco; lanca: via lancar_erro_interno <- dartforge_exception_throw <- definir_excecao <- SEMENTE definir_excecao
dartforge_nativo_Socket_GetStdioHandle	io_soquetes.rs:349	0	0	0	1	folha_pura	
dartforge_nativo_Socket_GetType	io_soquetes.rs:341	1	1	sdk	1	roda_dart_sdk	coleta: via dart_int <- caixa_int <- alocar <- alocar_bloco <- SEMENTE heap::alocar_bloco; lanca: via soquete_do_objeto <- lancar_erro_interno <- dartforge_exception_throw <- definir_excecao <- SEMENTE definir_excecao; dart: via dart_ou_erro <- para_dart <- SEMENTE[sdk] ajudante (funcao Dart registrada)
dartforge_nativo_Socket_HasPendingWrite	io_soquetes.rs:284	1	1	0	1	coleta+lanca	coleta: via soquete_do_objeto <- lancar_erro_interno <- dartforge_exception_throw <- dartforge_stack_trace_get <- alocar_stack_trace <- novo_objeto <- alocar_objeto <- alocar_bloco <- SEMENTE heap::alocar_bloco; lanca: via soquete_do_objeto <- lancar_erro_interno <- dartforge_exception_throw <- definir_excecao <- SEMENTE definir_excecao
dartforge_nativo_Socket_JoinMulticast	io_soquetes.rs:434	1	1	sdk	1	roda_dart_sdk	coleta: via multicast <- lancar_erro_de_argumento <- dartforge_argument_error_new <- alocar_erro_com_rastro <- novo_objeto <- alocar_objeto <- alocar_bloco <- SEMENTE heap::alocar_bloco; lanca: via multicast <- lancar_os_error <- dartforge_exception_throw <- definir_excecao <- SEMENTE definir_excecao; dart: via multicast <- lancar_erro_de_argumento <- dartforge_argument_error_new <- SEMENTE[sdk] ajudante (funcao Dart registrada)
dartforge_nativo_Socket_LeaveMulticast	io_soquetes.rs:440	1	1	sdk	1	roda_dart_sdk	coleta: via multicast <- lancar_erro_de_argumento <- dartforge_argument_error_new <- alocar_erro_com_rastro <- novo_objeto <- alocar_objeto <- alocar_bloco <- SEMENTE heap::alocar_bloco; lanca: via multicast <- lancar_os_error <- dartforge_exception_throw <- definir_excecao <- SEMENTE definir_excecao; dart: via multicast <- lancar_erro_de_argumento <- dartforge_argument_error_new <- SEMENTE[sdk] ajudante (funcao Dart registrada)
dartforge_nativo_Socket_Read	io_soquetes.rs:247	1	1	sdk	1	roda_dart_sdk	coleta: via dart_bytes <- dart_tipada_de_bytes <- nova_tipada <- alocar <- alocar_bloco <- SEMENTE heap::alocar_bloco; lanca: via lancar_os_error <- dartforge_exception_throw <- definir_excecao <- SEMENTE definir_excecao; dart: via lancar_os_error <- para_dart <- SEMENTE[sdk] ajudante (funcao Dart registrada)
dartforge_nativo_Socket_ReceiveMessage	io_soquetes.rs:1023	1	1	sdk	1	roda_dart_sdk	coleta: via dart_int <- caixa_int <- alocar <- alocar_bloco <- SEMENTE heap::alocar_bloco; lanca: via lancar_os_error <- dartforge_exception_throw <- definir_excecao <- SEMENTE definir_excecao; dart: via lancar_sem_recursos <- dartforge_unsupported_error_new <- SEMENTE[sdk] ajudante (funcao Dart registrada)
dartforge_nativo_Socket_RecvFrom	io_soquetes.rs:566	1	1	sdk	1	roda_dart_sdk	coleta: via dart_bytes <- dart_tipada_de_bytes <- nova_tipada <- alocar <- alocar_bloco <- SEMENTE heap::alocar_bloco; lanca: via lancar_os_error <- dartforge_exception_throw <- definir_excecao <- SEMENTE definir_excecao; dart: SEMENTE[sdk] ajudante (funcao Dart registrada)
dartforge_nativo_Socket_SendMessage	io_soquetes.rs:981	1	1	sdk	1	roda_dart_sdk	coleta: via dart_int <- caixa_int <- alocar <- alocar_bloco <- SEMENTE heap::alocar_bloco; lanca: via lancar_os_error <- dartforge_exception_throw <- definir_excecao <- SEMENTE definir_excecao; dart: via lancar_erro_de_argumento <- dartforge_argument_error_new <- SEMENTE[sdk] ajudante (funcao Dart registrada)
dartforge_nativo_Socket_SendTo	io_soquetes.rs:591	1	1	sdk	1	roda_dart_sdk	coleta: via lancar_endereco_invalido <- dartforge_argument_error_new <- alocar_erro_com_rastro <- novo_objeto <- alocar_objeto <- alocar_bloco <- SEMENTE heap::alocar_bloco; lanca: via lancar_endereco_invalido <- dartforge_exception_throw <- definir_excecao <- SEMENTE definir_excecao; dart: via lancar_endereco_invalido <- dartforge_argument_error_new <- SEMENTE[sdk] ajudante (funcao Dart registrada)
dartforge_nativo_Socket_SetOption	io_soquetes.rs:404	1	1	sdk	1	roda_dart_sdk	coleta: via lancar_erro_de_argumento <- dartforge_argument_error_new <- alocar_erro_com_rastro <- novo_objeto <- alocar_objeto <- alocar_bloco <- SEMENTE heap::alocar_bloco; lanca: via lancar_os_error <- dartforge_exception_throw <- definir_excecao <- SEMENTE definir_excecao; dart: via lancar_erro_de_argumento <- dartforge_argument_error_new <- SEMENTE[sdk] ajudante (funcao Dart registrada)
dartforge_nativo_Socket_SetRawOption	io_soquetes.rs:424	1	1	sdk	1	roda_dart_sdk	coleta: via lancar_os_error <- dartforge_exception_throw <- dartforge_stack_trace_get <- alocar_stack_trace <- novo_objeto <- alocar_objeto <- alocar_bloco <- SEMENTE heap::alocar_bloco; lanca: via lancar_os_error <- dartforge_exception_throw <- definir_excecao <- SEMENTE definir_excecao; dart: via lancar_os_error <- para_dart <- SEMENTE[sdk] ajudante (funcao Dart registrada)
dartforge_nativo_Socket_SetSocketId	io_soquetes.rs:370	0	0	0	1	folha_pura	
dartforge_nativo_Socket_WriteList	io_soquetes.rs:269	1	1	sdk	1	roda_dart_sdk	coleta: via lancar_os_error <- dartforge_exception_throw <- dartforge_stack_trace_get <- alocar_stack_trace <- novo_objeto <- alocar_objeto <- alocar_bloco <- SEMENTE heap::alocar_bloco; lanca: via lancar_os_error <- dartforge_exception_throw <- definir_excecao <- SEMENTE definir_excecao; dart: via lancar_os_error <- para_dart <- SEMENTE[sdk] ajudante (funcao Dart registrada)
dartforge_nativo_StackTrace_current	excecoes.rs:139	1	0	0	1	so_coleta	coleta: via dartforge_stack_trace_get <- alocar_stack_trace <- novo_objeto <- alocar_objeto <- alocar_bloco <- SEMENTE heap::alocar_bloco
dartforge_nativo_Stdin_AnsiSupported	io_plataforma.rs:842	0	0	0	1	folha_pura	
dartforge_nativo_Stdin_GetEchoMode	io_plataforma.rs:812	1	1	sdk	1	roda_dart_sdk	coleta: via dart_ou_erro <- para_dart <- alocar_str <- alocar_str <- alocar_texto <- novo_texto <- alocar <- alocar_bloco <- SEMENTE heap::alocar_bloco; dart: via dart_ou_erro <- para_dart <- SEMENTE[sdk] ajudante (funcao Dart registrada)
dartforge_nativo_Stdin_GetEchoNewlineMode	io_plataforma.rs:822	1	1	sdk	1	roda_dart_sdk	coleta: via dart_ou_erro <- para_dart <- alocar_str <- alocar_str <- alocar_texto <- novo_texto <- alocar <- alocar_bloco <- SEMENTE heap::alocar_bloco; dart: via dart_ou_erro <- para_dart <- SEMENTE[sdk] ajudante (funcao Dart registrada)
dartforge_nativo_Stdin_GetLineMode	io_plataforma.rs:832	1	1	sdk	1	roda_dart_sdk	coleta: via dart_ou_erro <- para_dart <- alocar_str <- alocar_str <- alocar_texto <- novo_texto <- alocar <- alocar_bloco <- SEMENTE heap::alocar_bloco; dart: via dart_ou_erro <- para_dart <- SEMENTE[sdk] ajudante (funcao Dart registrada)
dartforge_nativo_Stdin_ReadByte	io_plataforma.rs:807	1	1	sdk	1	roda_dart_sdk	coleta: via dart_int <- caixa_int <- alocar <- alocar_bloco <- SEMENTE heap::alocar_bloco; dart: via dart_ou_erro <- para_dart <- SEMENTE[sdk] ajudante (funcao Dart registrada)
dartforge_nativo_Stdin_SetEchoMode	io_plataforma.rs:817	1	1	sdk	1	roda_dart_sdk	coleta: via dart_verdadeiro_ou_erro <- dart_ou_erro <- para_dart <- alocar_str <- alocar_str <- alocar_texto <- novo_texto <- alocar <- alocar_bloco <- SEMENTE heap::alocar_bloco; dart: via dart_verdadeiro_ou_erro <- dart_ou_erro <- para_dart <- SEMENTE[sdk] ajudante (funcao Dart registrada)
dartforge_nativo_Stdin_SetEchoNewlineMode	io_plataforma.rs:827	1	1	sdk	1	roda_dart_sdk	coleta: via dart_verdadeiro_ou_erro <- dart_ou_erro <- para_dart <- alocar_str <- alocar_str <- alocar_texto <- novo_texto <- alocar <- alocar_bloco <- SEMENTE heap::alocar_bloco; dart: via dart_verdadeiro_ou_erro <- dart_ou_erro <- para_dart <- SEMENTE[sdk] ajudante (funcao Dart registrada)
dartforge_nativo_Stdin_SetLineMode	io_plataforma.rs:837	1	1	sdk	1	roda_dart_sdk	coleta: via dart_verdadeiro_ou_erro <- dart_ou_erro <- para_dart <- alocar_str <- alocar_str <- alocar_texto <- novo_texto <- alocar <- alocar_bloco <- SEMENTE heap::alocar_bloco; dart: via dart_verdadeiro_ou_erro <- dart_ou_erro <- para_dart <- SEMENTE[sdk] ajudante (funcao Dart registrada)
dartforge_nativo_Stdout_AnsiSupported	io_plataforma.rs:853	0	0	0	1	folha_pura	
dartforge_nativo_Stdout_GetTerminalSize	io_plataforma.rs:848	1	1	sdk	1	roda_dart_sdk	coleta: via dart_int <- caixa_int <- alocar <- alocar_bloco <- SEMENTE heap::alocar_bloco; dart: via dart_ou_erro <- para_dart <- SEMENTE[sdk] ajudante (funcao Dart registrada)
dartforge_nativo_Stopwatch_frequency	nativos_sistema.rs:14	0	0	0	1	folha_pura	
dartforge_nativo_Stopwatch_now	nativos_sistema.rs:20	0	0	0	1	folha_pura	
dartforge_nativo_StringBase_createFromCodePoints	nativos_strings.rs:329	1	1	sdk	1	roda_dart_sdk	coleta: via alocar_texto <- novo_texto <- alocar <- alocar_bloco <- SEMENTE heap::alocar_bloco; lanca: via dartforge_exception_throw <- definir_excecao <- SEMENTE definir_excecao; dart: via dartforge_argument_error_new <- SEMENTE[sdk] ajudante (funcao Dart registrada)
dartforge_nativo_StringBase_joinReplaceAllResult	nativos_strings.rs:349	1	0	0	1	so_coleta	coleta: via novo_texto <- alocar <- alocar_bloco <- SEMENTE heap::alocar_bloco
dartforge_nativo_StringBase_substringUnchecked	nativos_strings.rs:100	1	0	0	1	so_coleta	coleta: via fatia_de_texto <- novo_texto <- alocar <- alocar_bloco <- SEMENTE heap::alocar_bloco
dartforge_nativo_StringToSystemEncoding	io_plataforma.rs:966	1	0	0	1	so_coleta	coleta: via dart_bytes <- dart_tipada_de_bytes <- nova_tipada <- alocar <- alocar_bloco <- SEMENTE heap::alocar_bloco
dartforge_nativo_String_charAt	nativos_strings.rs:48	1	1	sdk	1	roda_dart_sdk	coleta: via alocar_texto <- novo_texto <- alocar <- alocar_bloco <- SEMENTE heap::alocar_bloco; lanca: via lancar_range <- dartforge_exception_throw <- definir_excecao <- SEMENTE definir_excecao; dart: via lancar_range <- dartforge_range_error_range <- SEMENTE[sdk] ajudante (funcao Dart registrada)
dartforge_nativo_String_concat	nativos_strings.rs:74	1	0	0	1	so_coleta	coleta: via juntar_textos <- novo_texto <- alocar <- alocar_bloco <- SEMENTE heap::alocar_bloco
dartforge_nativo_String_concatRange	nativos_strings.rs:274	1	0	0	1	so_coleta	coleta: via juntar_textos <- novo_texto <- alocar <- alocar_bloco <- SEMENTE heap::alocar_bloco
dartforge_nativo_String_getHashCode	nativos_strings.rs:82	0	0	0	1	folha_pura	
dartforge_nativo_String_getLength	nativos_strings.rs:17	0	0	0	1	folha_pura	
dartforge_nativo_String_toLowerCase	nativos_strings.rs:93	1	0	0	1	so_coleta	coleta: via transformar <- alocar_texto <- alocar_texto <- novo_texto <- alocar <- alocar_bloco <- SEMENTE heap::alocar_bloco
dartforge_nativo_String_toUpperCase	nativos_strings.rs:88	1	0	0	1	so_coleta	coleta: via transformar <- alocar_texto <- alocar_texto <- novo_texto <- alocar <- alocar_bloco <- SEMENTE heap::alocar_bloco
dartforge_nativo_SynchronousSocket_Available	io_soquetes.rs:780	1	1	0	1	coleta+lanca	coleta: via dart_int <- caixa_int <- alocar <- alocar_bloco <- SEMENTE heap::alocar_bloco; lanca: via soquete_sincrono <- lancar_erro_interno <- dartforge_exception_throw <- definir_excecao <- SEMENTE definir_excecao
dartforge_nativo_SynchronousSocket_CloseSync	io_soquetes.rs:809	1	1	0	1	coleta+lanca	coleta: via soquete_sincrono <- lancar_erro_interno <- dartforge_exception_throw <- dartforge_stack_trace_get <- alocar_stack_trace <- novo_objeto <- alocar_objeto <- alocar_bloco <- SEMENTE heap::alocar_bloco; lanca: via soquete_sincrono <- lancar_erro_interno <- dartforge_exception_throw <- definir_excecao <- SEMENTE definir_excecao
dartforge_nativo_SynchronousSocket_CreateConnectSync	io_soquetes.rs:754	1	1	sdk	1	roda_dart_sdk	coleta: via lancar_endereco_invalido <- dartforge_argument_error_new <- alocar_erro_com_rastro <- novo_objeto <- alocar_objeto <- alocar_bloco <- SEMENTE heap::alocar_bloco; lanca: via lancar_endereco_invalido <- dartforge_exception_throw <- definir_excecao <- SEMENTE definir_excecao; dart: via lancar_endereco_invalido <- dartforge_argument_error_new <- SEMENTE[sdk] ajudante (funcao Dart registrada)
dartforge_nativo_SynchronousSocket_GetPort	io_soquetes.rs:817	1	1	sdk	1	roda_dart_sdk	coleta: via dart_int <- caixa_int <- alocar <- alocar_bloco <- SEMENTE heap::alocar_bloco; lanca: via soquete_sincrono <- lancar_erro_interno <- dartforge_exception_throw <- definir_excecao <- SEMENTE definir_excecao; dart: via erro_de_io <- para_dart <- SEMENTE[sdk] ajudante (funcao Dart registrada)
dartforge_nativo_SynchronousSocket_GetRemotePeer	io_soquetes.rs:828	1	1	sdk	1	roda_dart_sdk	coleta: via dart_int <- caixa_int <- alocar <- alocar_bloco <- SEMENTE heap::alocar_bloco; lanca: via soquete_sincrono <- lancar_erro_interno <- dartforge_exception_throw <- definir_excecao <- SEMENTE definir_excecao; dart: via erro_de_io <- para_dart <- SEMENTE[sdk] ajudante (funcao Dart registrada)
dartforge_nativo_SynchronousSocket_LookupRequest	io_soquetes.rs:728	1	1	sdk	1	roda_dart_sdk	coleta: via dart_int <- caixa_int <- alocar <- alocar_bloco <- SEMENTE heap::alocar_bloco; dart: via para_dart <- SEMENTE[sdk] ajudante (funcao Dart registrada)
dartforge_nativo_SynchronousSocket_Read	io_soquetes.rs:842	1	1	sdk	1	roda_dart_sdk	coleta: via dart_bytes <- dart_tipada_de_bytes <- nova_tipada <- alocar <- alocar_bloco <- SEMENTE heap::alocar_bloco; lanca: via soquete_sincrono <- lancar_erro_interno <- dartforge_exception_throw <- definir_excecao <- SEMENTE definir_excecao; dart: via erro_de_io <- para_dart <- SEMENTE[sdk] ajudante (funcao Dart registrada)
dartforge_nativo_SynchronousSocket_ReadList	io_soquetes.rs:860	1	1	sdk	1	roda_dart_sdk	coleta: via dart_int <- caixa_int <- alocar <- alocar_bloco <- SEMENTE heap::alocar_bloco; lanca: via soquete_sincrono <- lancar_erro_interno <- dartforge_exception_throw <- definir_excecao <- SEMENTE definir_excecao; dart: via erro_de_io <- para_dart <- SEMENTE[sdk] ajudante (funcao Dart registrada)
dartforge_nativo_SynchronousSocket_ShutdownRead	io_soquetes.rs:894	1	1	0	1	coleta+lanca	coleta: via soquete_sincrono <- lancar_erro_interno <- dartforge_exception_throw <- dartforge_stack_trace_get <- alocar_stack_trace <- novo_objeto <- alocar_objeto <- alocar_bloco <- SEMENTE heap::alocar_bloco; lanca: via soquete_sincrono <- lancar_erro_interno <- dartforge_exception_throw <- definir_excecao <- SEMENTE definir_excecao
dartforge_nativo_SynchronousSocket_ShutdownWrite	io_soquetes.rs:902	1	1	0	1	coleta+lanca	coleta: via soquete_sincrono <- lancar_erro_interno <- dartforge_exception_throw <- dartforge_stack_trace_get <- alocar_stack_trace <- novo_objeto <- alocar_objeto <- alocar_bloco <- SEMENTE heap::alocar_bloco; lanca: via soquete_sincrono <- lancar_erro_interno <- dartforge_exception_throw <- definir_excecao <- SEMENTE definir_excecao
dartforge_nativo_SynchronousSocket_WriteList	io_soquetes.rs:878	1	1	sdk	1	roda_dart_sdk	coleta: via dart_int <- caixa_int <- alocar <- alocar_bloco <- SEMENTE heap::alocar_bloco; lanca: via soquete_sincrono <- lancar_erro_interno <- dartforge_exception_throw <- definir_excecao <- SEMENTE definir_excecao; dart: via erro_de_io <- para_dart <- SEMENTE[sdk] ajudante (funcao Dart registrada)
dartforge_nativo_SystemEncodingToString	io_plataforma.rs:955	1	0	0	1	so_coleta	coleta: via alocar_str <- alocar_str <- alocar_texto <- novo_texto <- alocar <- alocar_bloco <- SEMENTE heap::alocar_bloco
dartforge_nativo_Timeline_getNextTaskId	nativos_desenvolvedor.rs:103	0	0	0	1	folha_pura	
dartforge_nativo_Timeline_getTraceClock	nativos_desenvolvedor.rs:109	0	0	0	1	folha_pura	
dartforge_nativo_Timeline_isDartStreamEnabled	nativos_desenvolvedor.rs:98	0	0	0	1	folha_pura	
dartforge_nativo_Timeline_reportTaskEvent	nativos_desenvolvedor.rs:114	0	0	0	1	folha_pura	
dartforge_nativo_TwoByteString_allocateFromTwoByteList	nativos_strings.rs:321	1	0	0	1	so_coleta	coleta: via alocar_texto <- novo_texto <- alocar <- alocar_bloco <- SEMENTE heap::alocar_bloco
dartforge_nativo_TypedDataBase_length	typed_data.rs:118	0	0	0	1	folha_pura	
dartforge_nativo_TypedDataBase_setClampedRange	typed_data.rs:459	1	1	sdk	1	roda_dart_sdk	coleta: via lancar_indice <- dartforge_range_error_index <- alocar_erro_com_rastro <- novo_objeto <- alocar_objeto <- alocar_bloco <- SEMENTE heap::alocar_bloco; lanca: via lancar_indice <- dartforge_exception_throw <- definir_excecao <- SEMENTE definir_excecao; dart: via lancar_indice <- SEMENTE[sdk] ajudante (funcao Dart registrada)
dartforge_nativo_TypedDataView_offsetInBytes	typed_data.rs:206	0	0	0	1	folha_pura	
dartforge_nativo_TypedDataView_typedData	typed_data.rs:200	0	0	0	1	folha_pura	
dartforge_nativo_TypedData_GetFloat32	typed_data.rs:341	1	1	sdk	1	roda_dart_sdk	coleta: via ler <- endereco_de_bytes <- lancar_indice <- dartforge_range_error_index <- alocar_erro_com_rastro <- novo_objeto <- alocar_objeto <- alocar_bloco <- SEMENTE heap::alocar_bloco; lanca: via ler <- endereco_de_bytes <- lancar_indice <- dartforge_exception_throw <- definir_excecao <- SEMENTE definir_excecao; dart: via ler <- endereco_de_bytes <- lancar_indice <- SEMENTE[sdk] ajudante (funcao Dart registrada)
dartforge_nativo_TypedData_GetFloat32x4	simd.rs:529	1	1	sdk	1	roda_dart_sdk	coleta: via simd_novo <- novo_simd <- alocar <- alocar_bloco <- SEMENTE heap::alocar_bloco; lanca: via ler <- endereco_de_bytes <- lancar_indice <- dartforge_exception_throw <- definir_excecao <- SEMENTE definir_excecao; dart: via ler <- endereco_de_bytes <- lancar_indice <- SEMENTE[sdk] ajudante (funcao Dart registrada)
dartforge_nativo_TypedData_GetFloat64	typed_data.rs:353	1	1	sdk	1	roda_dart_sdk	coleta: via ler <- endereco_de_bytes <- lancar_indice <- dartforge_range_error_index <- alocar_erro_com_rastro <- novo_objeto <- alocar_objeto <- alocar_bloco <- SEMENTE heap::alocar_bloco; lanca: via ler <- endereco_de_bytes <- lancar_indice <- dartforge_exception_throw <- definir_excecao <- SEMENTE definir_excecao; dart: via ler <- endereco_de_bytes <- lancar_indice <- SEMENTE[sdk] ajudante (funcao Dart registrada)
dartforge_nativo_TypedData_GetFloat64x2	simd.rs:551	1	1	sdk	1	roda_dart_sdk	coleta: via simd_novo <- novo_simd <- alocar <- alocar_bloco <- SEMENTE heap::alocar_bloco; lanca: via ler <- endereco_de_bytes <- lancar_indice <- dartforge_exception_throw <- definir_excecao <- SEMENTE definir_excecao; dart: via ler <- endereco_de_bytes <- lancar_indice <- SEMENTE[sdk] ajudante (funcao Dart registrada)
dartforge_nativo_TypedData_GetInt32x4	simd.rs:540	1	1	sdk	1	roda_dart_sdk	coleta: via simd_novo <- novo_simd <- alocar <- alocar_bloco <- SEMENTE heap::alocar_bloco; lanca: via ler <- endereco_de_bytes <- lancar_indice <- dartforge_exception_throw <- definir_excecao <- SEMENTE definir_excecao; dart: via ler <- endereco_de_bytes <- lancar_indice <- SEMENTE[sdk] ajudante (funcao Dart registrada)
dartforge_nativo_TypedData_SetFloat32	typed_data.rs:347	1	1	sdk	1	roda_dart_sdk	coleta: via gravar <- endereco_de_bytes <- lancar_indice <- dartforge_range_error_index <- alocar_erro_com_rastro <- novo_objeto <- alocar_objeto <- alocar_bloco <- SEMENTE heap::alocar_bloco; lanca: via gravar <- endereco_de_bytes <- lancar_indice <- dartforge_exception_throw <- definir_excecao <- SEMENTE definir_excecao; dart: via gravar <- endereco_de_bytes <- lancar_indice <- SEMENTE[sdk] ajudante (funcao Dart registrada)
dartforge_nativo_TypedData_SetFloat32x4	simd.rs:536	1	1	sdk	1	roda_dart_sdk	coleta: via gravar <- endereco_de_bytes <- lancar_indice <- dartforge_range_error_index <- alocar_erro_com_rastro <- novo_objeto <- alocar_objeto <- alocar_bloco <- SEMENTE heap::alocar_bloco; lanca: via gravar <- endereco_de_bytes <- lancar_indice <- dartforge_exception_throw <- definir_excecao <- SEMENTE definir_excecao; dart: via gravar <- endereco_de_bytes <- lancar_indice <- SEMENTE[sdk] ajudante (funcao Dart registrada)
dartforge_nativo_TypedData_SetFloat64	typed_data.rs:359	1	1	sdk	1	roda_dart_sdk	coleta: via gravar <- endereco_de_bytes <- lancar_indice <- dartforge_range_error_index <- alocar_erro_com_rastro <- novo_objeto <- alocar_objeto <- alocar_bloco <- SEMENTE heap::alocar_bloco; lanca: via gravar <- endereco_de_bytes <- lancar_indice <- dartforge_exception_throw <- definir_excecao <- SEMENTE definir_excecao; dart: via gravar <- endereco_de_bytes <- lancar_indice <- SEMENTE[sdk] ajudante (funcao Dart registrada)
dartforge_nativo_TypedData_SetFloat64x2	simd.rs:558	1	1	sdk	1	roda_dart_sdk	coleta: via gravar <- endereco_de_bytes <- lancar_indice <- dartforge_range_error_index <- alocar_erro_com_rastro <- novo_objeto <- alocar_objeto <- alocar_bloco <- SEMENTE heap::alocar_bloco; lanca: via gravar <- endereco_de_bytes <- lancar_indice <- dartforge_exception_throw <- definir_excecao <- SEMENTE definir_excecao; dart: via gravar <- endereco_de_bytes <- lancar_indice <- SEMENTE[sdk] ajudante (funcao Dart registrada)
dartforge_nativo_TypedData_SetInt32x4	simd.rs:547	1	1	sdk	1	roda_dart_sdk	coleta: via gravar <- endereco_de_bytes <- lancar_indice <- dartforge_range_error_index <- alocar_erro_com_rastro <- novo_objeto <- alocar_objeto <- alocar_bloco <- SEMENTE heap::alocar_bloco; lanca: via gravar <- endereco_de_bytes <- lancar_indice <- dartforge_exception_throw <- definir_excecao <- SEMENTE definir_excecao; dart: via gravar <- endereco_de_bytes <- lancar_indice <- SEMENTE[sdk] ajudante (funcao Dart registrada)
dartforge_nativo_Uri_isWindowsPlatform	nativos_sistema.rs:244	0	0	0	1	folha_pura	
dartforge_nativo_WeakProperty_getKey	nativos_sistema.rs:320	0	0	0	1	folha_pura	
dartforge_nativo_WeakProperty_getValue	nativos_sistema.rs:332	0	0	0	1	folha_pura	
dartforge_nativo_WeakProperty_setKey	nativos_sistema.rs:326	0	0	0	1	folha_pura	
dartforge_nativo_WeakProperty_setValue	nativos_sistema.rs:338	0	0	0	1	folha_pura	
dartforge_nativo_WeakReference_getTarget	nativos_sistema.rs:308	0	0	0	1	folha_pura	
dartforge_nativo_WeakReference_setTarget	nativos_sistema.rs:314	0	0	0	1	folha_pura	
dartforge_no_such_method_error_new	excecoes.rs:497	1	1	sdk	1	roda_dart_sdk	coleta: via alocar_erro_com_rastro <- novo_objeto <- alocar_objeto <- alocar_bloco <- SEMENTE heap::alocar_bloco; dart: SEMENTE[sdk] ajudante (funcao Dart registrada)
dartforge_nsm_chamada	closures.rs:91	1	1	sdk	1	roda_dart_sdk	coleta: via dartforge_no_such_method_error_new <- alocar_erro_com_rastro <- novo_objeto <- alocar_objeto <- alocar_bloco <- SEMENTE heap::alocar_bloco; lanca: via dartforge_exception_throw <- definir_excecao <- SEMENTE definir_excecao; dart: via dartforge_no_such_method_error_new <- SEMENTE[sdk] ajudante (funcao Dart registrada)
dartforge_null_check_error_new	excecoes.rs:61	1	1	sdk	1	roda_dart_sdk	coleta: via alocar_erro_com_rastro <- novo_objeto <- alocar_objeto <- alocar_bloco <- SEMENTE heap::alocar_bloco; dart: via erro_da_fonte_com_texto <- SEMENTE[sdk] ajudante (funcao Dart registrada)
dartforge_object_campos	nucleo.rs:427	0	0	0	1	folha_pura	
dartforge_object_get	nucleo.rs:441	0	0	0	1	folha_pura	
dartforge_object_new	nucleo.rs:404	1	0	0	1	so_coleta	coleta: via alocar_instancia <- alocar_objeto <- alocar_bloco <- SEMENTE heap::alocar_bloco
dartforge_object_new_t	seletores.rs:247	1	0	tabela	1	so_coleta+tabela	coleta: via dartforge_object_new <- alocar_instancia <- alocar_objeto <- alocar_bloco <- SEMENTE heap::alocar_bloco; dart: SEMENTE[tabela] ponteiro fn() -> *const i64 (tabela gerada, nao Dart)
dartforge_object_set	nucleo.rs:453	0	0	0	1	folha_pura	
dartforge_parar_isolados	portas.rs:1106	1	1	usuario	0	roda_dart_usuario	dart: via parar_neste_isolado <- dartforge_publicar_geracao <- SEMENTE[usuario] ponteiro extern C fn (transmute/parametro)
dartforge_pedir_no_ponto_seguro	portas.rs:1015	0	0	0	0	folha_pura	
dartforge_ponto_seguro	isolados.rs:353	1	1	usuario	1	roda_dart_usuario	coleta: via atender_controle <- materializar <- alocar_no <- alocar <- alocar_bloco <- SEMENTE heap::alocar_bloco; lanca: via comecar_desenrolar <- definir_excecao <- SEMENTE definir_excecao; dart: via atender_controle <- materializar <- SEMENTE[usuario] ponteiro extern C fn (transmute/parametro)
dartforge_preparar_embedder	io_plataforma.rs:69	1	1	sdk	1	roda_dart_sdk	coleta: via dart_texto_de_bytes <- alocar_str <- alocar_str <- alocar_texto <- novo_texto <- alocar <- alocar_bloco <- SEMENTE heap::alocar_bloco; dart: SEMENTE[sdk] ajudante (funcao Dart registrada)
dartforge_print_bool	saida.rs:14	0	0	0	0	folha_pura	
dartforge_print_f64	saida.rs:20	0	0	0	0	folha_pura	
dartforge_print_handle	saida.rs:42	0	0	0	1	folha_pura	
dartforge_print_i64	saida.rs:7	0	0	0	0	folha_pura	
dartforge_print_string	saida.rs:58	0	0	0	0	folha_pura	
dartforge_publicar_geracao	seletores.rs:212	1	1	usuario	0	roda_dart_usuario	dart: SEMENTE[usuario] ponteiro extern C fn (transmute/parametro)
dartforge_range_error_index	excecoes.rs:400	1	0	0	0	so_coleta	coleta: via alocar_erro_com_rastro <- novo_objeto <- alocar_objeto <- alocar_bloco <- SEMENTE heap::alocar_bloco
dartforge_range_error_new	excecoes.rs:384	1	0	0	0	so_coleta	coleta: via alocar_erro_com_rastro <- novo_objeto <- alocar_objeto <- alocar_bloco <- SEMENTE heap::alocar_bloco
dartforge_range_error_range	excecoes.rs:389	1	1	sdk	1	roda_dart_sdk	coleta: via alocar_erro_com_rastro <- novo_objeto <- alocar_objeto <- alocar_bloco <- SEMENTE heap::alocar_bloco; dart: SEMENTE[sdk] ajudante (funcao Dart registrada)
dartforge_rastro_entrada	seletores.rs:522	0	0	0	1	folha_pura	
dartforge_rastro_saida	seletores.rs:528	0	0	0	1	folha_pura	
dartforge_record_new	nucleo.rs:605	1	0	0	1	so_coleta	coleta: via novo_record <- alocar <- alocar_bloco <- SEMENTE heap::alocar_bloco
dartforge_record_novo	nucleo.rs:643	1	0	0	1	so_coleta	coleta: via novo_record <- alocar <- alocar_bloco <- SEMENTE heap::alocar_bloco
dartforge_register_class_name	nucleo.rs:302	0	0	0	1	folha_pura	
dartforge_register_subclass	nucleo.rs:315	0	0	0	1	folha_pura	
dartforge_registrar_ajudante	nativos_listas.rs:28	0	0	0	1	folha_pura	
dartforge_registrar_cids	seletores.rs:262	0	0	0	1	folha_pura	
dartforge_registrar_imagem	gc_raizes.rs:478	0	0	0	1	folha_pura	
dartforge_registrar_isolados	isolados.rs:58	0	0	0	1	folha_pura	
dartforge_registrar_metodos	seletores.rs:136	0	0	0	1	folha_pura	
dartforge_registrar_nome_de_argumento	seletores.rs:304	0	0	0	1	folha_pura	
dartforge_registrar_tabela	seletores.rs:147	0	0	tabela	1	folha_pura+tabela	dart: SEMENTE[tabela] ponteiro fn() -> *const i64 (tabela gerada, nao Dart)
dartforge_registrar_versao_do_sdk	io_plataforma.rs:119	0	0	0	1	folha_pura	
dartforge_rti_avaliar	tipos.rs:1204	0	0	0	1	folha_pura	
dartforge_rti_avaliar_cache	tipos.rs:1256	0	0	0	1	folha_pura	
dartforge_rti_classe_do_runtime	tipos.rs:1149	0	0	0	1	folha_pura	
dartforge_rti_como	tipos.rs:1421	1	1	sdk	1	roda_dart_sdk	coleta: via dartforge_rti_como_em <- dartforge_type_error_com_mensagem <- alocar_erro_com_rastro <- novo_objeto <- alocar_objeto <- alocar_bloco <- SEMENTE heap::alocar_bloco; lanca: via dartforge_rti_como_em <- dartforge_exception_throw <- definir_excecao <- SEMENTE definir_excecao; dart: via dartforge_rti_como_em <- dartforge_type_error_com_mensagem <- SEMENTE[sdk] ajudante (funcao Dart registrada)
dartforge_rti_como_em	tipos.rs:1430	1	1	sdk	1	roda_dart_sdk	coleta: via dartforge_type_error_com_mensagem <- alocar_erro_com_rastro <- novo_objeto <- alocar_objeto <- alocar_bloco <- SEMENTE heap::alocar_bloco; lanca: via dartforge_exception_throw <- definir_excecao <- SEMENTE definir_excecao; dart: via dartforge_type_error_com_mensagem <- SEMENTE[sdk] ajudante (funcao Dart registrada)
dartforge_rti_definir	tipos.rs:1273	1	0	0	1	so_coleta	coleta: via ajustar_forma_da_lista <- lista_ajustar_forma <- nova_lista <- alocar <- alocar_bloco <- SEMENTE heap::alocar_bloco
dartforge_rti_do_valor	tipos.rs:1377	0	0	0	1	folha_pura	
dartforge_rti_e	tipos.rs:1383	0	0	0	1	folha_pura	
dartforge_rti_iniciar_tabela	tipos.rs:1089	0	0	0	1	folha_pura	
dartforge_rti_objeto_tipo	tipos.rs:1477	1	0	0	1	so_coleta	coleta: via novo_objeto <- alocar_objeto <- alocar_bloco <- SEMENTE heap::alocar_bloco
dartforge_rti_receita	tipos.rs:1180	0	0	0	1	folha_pura	
dartforge_rti_registro_nomeado	tipos.rs:1342	1	0	0	1	so_coleta	coleta: via dartforge_rti_definir <- ajustar_forma_da_lista <- lista_ajustar_forma <- nova_lista <- alocar <- alocar_bloco <- SEMENTE heap::alocar_bloco
dartforge_rti_regra	tipos.rs:1125	0	0	0	1	folha_pura	
dartforge_rti_subtipo	tipos.rs:1414	0	0	0	1	folha_pura	
dartforge_rti_texto	tipos.rs:1495	1	0	0	1	so_coleta	coleta: via alocar_str <- alocar_texto <- novo_texto <- alocar <- alocar_bloco <- SEMENTE heap::alocar_bloco
dartforge_rti_tupla_juntar	closures.rs:103	0	0	0	1	folha_pura	
dartforge_seletor	seletores.rs:450	0	0	0	1	folha_pura	
dartforge_stack_overflow_error_new	excecoes.rs:486	1	1	sdk	1	roda_dart_sdk	coleta: via dartforge_state_error_new <- alocar_erro_com_rastro <- novo_objeto <- alocar_objeto <- alocar_bloco <- SEMENTE heap::alocar_bloco; dart: SEMENTE[sdk] ajudante (funcao Dart registrada)
dartforge_stack_trace_get	excecoes.rs:130	1	0	0	1	so_coleta	coleta: via alocar_stack_trace <- novo_objeto <- alocar_objeto <- alocar_bloco <- SEMENTE heap::alocar_bloco
dartforge_state_error_new	excecoes.rs:348	1	1	sdk	1	roda_dart_sdk	coleta: via alocar_erro_com_rastro <- novo_objeto <- alocar_objeto <- alocar_bloco <- SEMENTE heap::alocar_bloco; dart: SEMENTE[sdk] ajudante (funcao Dart registrada)
dartforge_string_concat	strings.rs:202	1	0	0	1	so_coleta	coleta: via juntar_textos <- novo_texto <- alocar <- alocar_bloco <- SEMENTE heap::alocar_bloco
dartforge_string_index_of	strings.rs:249	1	1	sdk	0	roda_dart_sdk	coleta: via lancar_range <- dartforge_range_error_range <- alocar_erro_com_rastro <- novo_objeto <- alocar_objeto <- alocar_bloco <- SEMENTE heap::alocar_bloco; lanca: via lancar_range <- dartforge_exception_throw <- definir_excecao <- SEMENTE definir_excecao; dart: via lancar_range <- dartforge_range_error_range <- SEMENTE[sdk] ajudante (funcao Dart registrada)
dartforge_string_juntar_tipado	strings.rs:166	1	0	0	1	so_coleta	coleta: via novo_texto <- alocar <- alocar_bloco <- SEMENTE heap::alocar_bloco
dartforge_string_new	strings.rs:91	1	0	0	1	so_coleta	coleta: via string_literal <- alocar_texto <- novo_texto <- alocar <- alocar_bloco <- SEMENTE heap::alocar_bloco
dartforge_string_repeat	strings.rs:366	1	0	0	0	so_coleta	coleta: via novo_texto <- alocar <- alocar_bloco <- SEMENTE heap::alocar_bloco
dartforge_tagged_to_string	saida.rs:488	1	0	0	1	so_coleta	coleta: via dartforge_to_string_i64 <- alocar_texto <- novo_texto <- alocar <- alocar_bloco <- SEMENTE heap::alocar_bloco
dartforge_tearoff	closures.rs:35	1	0	0	1	so_coleta	coleta: via tearoff <- nova_closure <- alocar_instancia <- alocar_objeto <- alocar_bloco <- SEMENTE heap::alocar_bloco
dartforge_texto_hash	nativos_strings.rs:574	0	0	0	1	folha_pura	
dartforge_texto_iguais	nativos_strings.rs:588	0	0	0	1	folha_pura	
dartforge_texto_novo	nativos_strings.rs:566	1	0	0	1	so_coleta	coleta: via novo_texto <- alocar <- alocar_bloco <- SEMENTE heap::alocar_bloco
dartforge_throw_with_stack_trace	excecoes.rs:145	1	1	0	1	coleta+lanca	coleta: via dartforge_exception_throw <- dartforge_stack_trace_get <- alocar_stack_trace <- novo_objeto <- alocar_objeto <- alocar_bloco <- SEMENTE heap::alocar_bloco; lanca: via dartforge_exception_throw <- definir_excecao <- SEMENTE definir_excecao
dartforge_to_string_bool	saida.rs:533	1	0	0	1	so_coleta	coleta: via texto_novo <- alocar_str <- alocar_texto <- novo_texto <- alocar <- alocar_bloco <- SEMENTE heap::alocar_bloco
dartforge_to_string_f64	saida.rs:527	1	0	0	1	so_coleta	coleta: via texto_novo <- alocar_str <- alocar_texto <- novo_texto <- alocar <- alocar_bloco <- SEMENTE heap::alocar_bloco
dartforge_to_string_handle	saida.rs:540	1	0	0	1	so_coleta	coleta: via alocar_texto <- novo_texto <- alocar <- alocar_bloco <- SEMENTE heap::alocar_bloco
dartforge_to_string_i64	saida.rs:499	1	0	0	1	so_coleta	coleta: via alocar_texto <- novo_texto <- alocar <- alocar_bloco <- SEMENTE heap::alocar_bloco
dartforge_type_error_new	excecoes.rs:449	1	1	sdk	1	roda_dart_sdk	coleta: via alocar_erro_com_rastro <- novo_objeto <- alocar_objeto <- alocar_bloco <- SEMENTE heap::alocar_bloco; dart: via erro_da_fonte_com_texto <- SEMENTE[sdk] ajudante (funcao Dart registrada)
dartforge_typed_externo	ffi.rs:781	1	1	sdk	1	roda_dart_sdk	coleta: via tipada_externa <- alocar <- alocar_bloco <- SEMENTE heap::alocar_bloco; lanca: via lancar_erro_de_argumento <- dartforge_exception_throw <- definir_excecao <- SEMENTE definir_excecao; dart: via lancar_erro_de_argumento <- dartforge_argument_error_new <- SEMENTE[sdk] ajudante (funcao Dart registrada)
dartforge_typed_externo_t	ffi.rs:803	1	1	sdk	1	roda_dart_sdk	coleta: via dartforge_typed_externo <- tipada_externa <- alocar <- alocar_bloco <- SEMENTE heap::alocar_bloco; lanca: via dartforge_typed_externo <- lancar_erro_de_argumento <- dartforge_exception_throw <- definir_excecao <- SEMENTE definir_excecao; dart: via dartforge_typed_externo <- lancar_erro_de_argumento <- dartforge_argument_error_new <- SEMENTE[sdk] ajudante (funcao Dart registrada)
dartforge_typed_fill_double	typed_data.rs:171	0	0	0	1	folha_pura	
dartforge_typed_fill_int	typed_data.rs:152	0	0	0	1	folha_pura	
dartforge_typed_len	typed_data.rs:128	0	0	0	1	folha_pura	
dartforge_typed_novo	typed_data.rs:71	1	1	sdk	1	roda_dart_sdk	coleta: via nova_tipada <- alocar <- alocar_bloco <- SEMENTE heap::alocar_bloco; lanca: via lancar_comprimento <- lancar_range <- dartforge_exception_throw <- definir_excecao <- SEMENTE definir_excecao; dart: via lancar_comprimento <- lancar_range <- dartforge_range_error_range <- SEMENTE[sdk] ajudante (funcao Dart registrada)
dartforge_typed_novo_t	typed_data.rs:85	1	1	sdk	1	roda_dart_sdk	coleta: via dartforge_typed_novo <- nova_tipada <- alocar <- alocar_bloco <- SEMENTE heap::alocar_bloco; lanca: via dartforge_typed_novo <- lancar_comprimento <- lancar_range <- dartforge_exception_throw <- definir_excecao <- SEMENTE definir_excecao; dart: via dartforge_typed_novo <- lancar_comprimento <- lancar_range <- dartforge_range_error_range <- SEMENTE[sdk] ajudante (funcao Dart registrada)
dartforge_typed_ptr	typed_data.rs:139	0	0	0	0	folha_pura	
dartforge_unbox_bool	nucleo.rs:565	1	1	sdk	1	roda_dart_sdk	coleta: via lancar_type_error <- dartforge_type_error_new <- alocar_erro_com_rastro <- novo_objeto <- alocar_objeto <- alocar_bloco <- SEMENTE heap::alocar_bloco; lanca: via lancar_type_error <- dartforge_exception_throw <- definir_excecao <- SEMENTE definir_excecao; dart: via lancar_type_error <- dartforge_type_error_new <- erro_da_fonte_com_texto <- SEMENTE[sdk] ajudante (funcao Dart registrada)
dartforge_unbox_double	nucleo.rs:555	1	1	sdk	1	roda_dart_sdk	coleta: via lancar_type_error <- dartforge_type_error_new <- alocar_erro_com_rastro <- novo_objeto <- alocar_objeto <- alocar_bloco <- SEMENTE heap::alocar_bloco; lanca: via lancar_type_error <- dartforge_exception_throw <- definir_excecao <- SEMENTE definir_excecao; dart: via lancar_type_error <- dartforge_type_error_new <- erro_da_fonte_com_texto <- SEMENTE[sdk] ajudante (funcao Dart registrada)
dartforge_unbox_int	nucleo.rs:542	1	1	sdk	1	roda_dart_sdk	coleta: via lancar_type_error <- dartforge_type_error_new <- alocar_erro_com_rastro <- novo_objeto <- alocar_objeto <- alocar_bloco <- SEMENTE heap::alocar_bloco; lanca: via lancar_type_error <- dartforge_exception_throw <- definir_excecao <- SEMENTE definir_excecao; dart: via lancar_type_error <- dartforge_type_error_new <- erro_da_fonte_com_texto <- SEMENTE[sdk] ajudante (funcao Dart registrada)
dartforge_unimplemented_error_new	excecoes.rs:433	1	0	0	1	so_coleta	coleta: via alocar_erro_com_rastro <- novo_objeto <- alocar_objeto <- alocar_bloco <- SEMENTE heap::alocar_bloco
dartforge_unsupported_error_new	excecoes.rs:423	1	1	sdk	1	roda_dart_sdk	coleta: via alocar_erro_com_rastro <- novo_objeto <- alocar_objeto <- alocar_bloco <- SEMENTE heap::alocar_bloco; dart: SEMENTE[sdk] ajudante (funcao Dart registrada)
dartforge_value_class	nucleo.rs:581	0	0	0	1	folha_pura	
dartforge_view_nova	typed_data.rs:95	1	0	0	1	so_coleta	coleta: via nova_visao <- alocar_instancia <- alocar_objeto <- alocar_bloco <- SEMENTE heap::alocar_bloco
dartforge_view_nova_t	typed_data.rs:104	1	0	tabela	1	so_coleta+tabela	coleta: via dartforge_view_nova <- nova_visao <- alocar_instancia <- alocar_objeto <- alocar_bloco <- SEMENTE heap::alocar_bloco; dart: SEMENTE[tabela] ponteiro fn() -> *const i64 (tabela gerada, nao Dart)
